{
  "properties": {
    "connectionReferences": {
      "shared_sharepointonline_1": {
        "runtimeSource": "invoker",
        "connection": {
          "connectionReferenceLogicalName": "faf_SharePointSPOT"
        },
        "api": {
          "name": "shared_sharepointonline"
        }
      }
    },
    "definition": {
      "$schema": "https://schema.management.azure.com/providers/Microsoft.Logic/schemas/2016-06-01/workflowdefinition.json#",
      "contentVersion": "1.0.0.0",
      "parameters": {
        "$connections": {
          "defaultValue": {},
          "type": "Object"
        },
        "$authentication": {
          "defaultValue": {},
          "type": "SecureObject"
        }
      },
      "triggers": {
        "manual": {
          "metadata": {
            "operationMetadataId": "c191cf09-ab02-421d-9065-2973834745e9"
          },
          "type": "Request",
          "kind": "PowerAppV2",
          "inputs": {
            "schema": {
              "type": "object",
              "properties": {
                "text": {
                  "title": "siteurl",
                  "type": "string",
                  "x-ms-dynamically-added": true,
                  "description": "Please enter your input",
                  "x-ms-content-hint": "TEXT"
                },
                "text_1": {
                  "title": "schema",
                  "type": "string",
                  "x-ms-dynamically-added": true,
                  "description": "Please enter your input",
                  "x-ms-content-hint": "TEXT"
                },
                "text_2": {
                  "title": "record",
                  "type": "string",
                  "x-ms-dynamically-added": true,
                  "description": "Please enter your input",
                  "x-ms-content-hint": "TEXT"
                }
              },
              "required": [
                "text",
                "text_1",
                "text_2"
              ]
            }
          }
        }
      },
      "actions": {
        "Initialize_variable_-_varError": {
          "runAfter": {},
          "metadata": {
            "operationMetadataId": "870b066f-68fe-4914-bc59-2929edce9122"
          },
          "type": "InitializeVariable",
          "inputs": {
            "variables": [
              {
                "name": "varError",
                "type": "boolean",
                "value": "@false"
              }
            ]
          }
        },
        "Initialize_variable_-_varErrorMessage": {
          "runAfter": {
            "Initialize_variable_-_varError": [
              "Succeeded"
            ]
          },
          "metadata": {
            "operationMetadataId": "19866182-1bf9-4020-a0b1-21e389572e42"
          },
          "type": "InitializeVariable",
          "inputs": {
            "variables": [
              {
                "name": "varErrorMessage",
                "type": "string"
              }
            ]
          }
        },
        "Scope_-_Create_-_Try": {
          "actions": {
            "Parse_JSON_-_Record": {
              "runAfter": {},
              "metadata": {
                "operationMetadataId": "0d03122a-1136-4b5f-88b8-4a1042787c96"
              },
              "type": "ParseJson",
              "inputs": {
                "content": "@triggerBody()['text_2']",
                "schema": {
                  "type": "object",
                  "properties": {
                    "delete": {},
                    "description": {
                      "type": "string"
                    },
                    "disablegridediting": {
                      "type": "boolean"
                    },
                    "displayname": {
                      "type": "string"
                    },
                    "enablefoldercreation": {
                      "type": "boolean"
                    },
                    "enableversioning": {
                      "type": "boolean"
                    },
                    "guid": {},
                    "hidden": {
                      "type": "boolean"
                    },
                    "internalname": {
                      "type": "string"
                    },
                    "majorversionlimit": {
                      "type": "integer"
                    },
                    "new": {
                      "type": "boolean"
                    },
                    "nocrawl": {
                      "type": "boolean"
                    },
                    "onquicklaunch": {
                      "type": "boolean"
                    },
                    "schema": {
                      "type": "integer"
                    }
                  }
                }
              }
            },
            "Send_an_HTTP_request_to_SharePoint_-_Create": {
              "runAfter": {
                "Parse_JSON_-_Record": [
                  "Succeeded"
                ]
              },
              "limit": {
                "timeout": "PT24S"
              },
              "metadata": {
                "operationMetadataId": "7d82a290-0ef6-427b-9cc8-d77c33dd0231"
              },
              "type": "OpenApiConnection",
              "inputs": {
                "host": {
                  "connectionName": "shared_sharepointonline_1",
                  "operationId": "HttpRequest",
                  "apiId": "/providers/Microsoft.PowerApps/apis/shared_sharepointonline"
                },
                "parameters": {
                  "dataset": "@triggerBody()['text']",
                  "parameters/method": "POST",
                  "parameters/uri": "/_api/web/lists",
                  "parameters/headers": {
                    "accept": "application/json;odata=verbose",
                    "content-type": "application/json;odata=verbose"
                  },
                  "parameters/body": "{\n  \"__metadata\": {\n    \"type\": \"SP.List\"\n  },\n  \"BaseTemplate\": 101,\n  \"DisableGridEditing\": @{toLower(string(body('Parse_JSON_-_Record')?['disablegridediting']))},\n  \"EnableFolderCreation\": @{toLower(string(body('Parse_JSON_-_Record')?['enablefoldercreation']))},\n  \"EnableMinorVersions\": false,\n  \"EnableVersioning\": true,\n  \"Hidden\": @{toLower(string(body('Parse_JSON_-_Record')?['hidden']))},\n  \"MajorVersionLimit\": @{int(body('Parse_JSON_-_Record')?['majorversionlimit'])},\n  \"NoCrawl\": @{toLower(string(body('Parse_JSON_-_Record')?['nocrawl']))},\n  \"OnQuickLaunch\": @{toLower(string(body('Parse_JSON_-_Record')?['onquicklaunch']))},\n  \"Title\": \"@{body('Parse_JSON_-_Record')?['internalname']}\"\n}"
                },
                "authentication": "@parameters('$authentication')",
                "retryPolicy": {
                  "type": "none"
                }
              }
            },
            "Send_an_HTTP_request_to_SharePoint_-_Update": {
              "runAfter": {
                "Send_an_HTTP_request_to_SharePoint_-_Create": [
                  "Succeeded"
                ]
              },
              "limit": {
                "timeout": "PT24S"
              },
              "metadata": {
                "operationMetadataId": "46c95171-7a0f-439e-9442-7e45e1701341"
              },
              "type": "OpenApiConnection",
              "inputs": {
                "host": {
                  "connectionName": "shared_sharepointonline_1",
                  "operationId": "HttpRequest",
                  "apiId": "/providers/Microsoft.PowerApps/apis/shared_sharepointonline"
                },
                "parameters": {
                  "dataset": "@triggerBody()['text']",
                  "parameters/method": "POST",
                  "parameters/uri": "/_api/web/lists(guid'@{body('Send_an_HTTP_request_to_SharePoint_-_Create')?['d']?['Id']}')",
                  "parameters/headers": {
                    "accept": "application/json;odata=verbose",
                    "content-type": "application/json;odata=verbose",
                    "X-HTTP-Method": "MERGE",
                    "If-Match": "*"
                  },
                  "parameters/body": "{\n  \"__metadata\": {\n    \"type\": \"SP.List\"\n  },\n  \"Title\": \"@{body('Parse_JSON_-_Record')?['displayname']}\"\n}"
                },
                "authentication": "@parameters('$authentication')",
                "retryPolicy": {
                  "type": "none"
                }
              }
            },
            "Send_an_HTTP_request_to_SharePoint_-_Break_role_inheritance": {
              "runAfter": {
                "Send_an_HTTP_request_to_SharePoint_-_Update": [
                  "Succeeded"
                ]
              },
              "limit": {
                "timeout": "PT24S"
              },
              "metadata": {
                "operationMetadataId": "8efc768c-1b4d-407f-9e65-cb189aa9d07a"
              },
              "type": "OpenApiConnection",
              "inputs": {
                "host": {
                  "connectionName": "shared_sharepointonline_1",
                  "operationId": "HttpRequest",
                  "apiId": "/providers/Microsoft.PowerApps/apis/shared_sharepointonline"
                },
                "parameters": {
                  "dataset": "@triggerBody()['text']",
                  "parameters/method": "POST",
                  "parameters/uri": "/_api/web/lists(guid'@{body('Send_an_HTTP_request_to_SharePoint_-_Create')?['d']?['Id']}')/breakroleinheritance(copyRoleAssignments=false, clearSubscopes=true)"
                },
                "authentication": "@parameters('$authentication')",
                "retryPolicy": {
                  "type": "none"
                }
              }
            }
          },
          "runAfter": {
            "Initialize_variable_-_varErrorMessage": [
              "Succeeded"
            ]
          },
          "metadata": {
            "operationMetadataId": "0284a241-9e1d-4b21-b9b5-a46b4e0857cd"
          },
          "type": "Scope"
        },
        "Scope_-_Create_-_Catch": {
          "actions": {
            "Set_variable_-_varError": {
              "runAfter": {},
              "metadata": {
                "operationMetadataId": "2c7235f3-353c-44ab-9940-55561b00347d"
              },
              "type": "SetVariable",
              "inputs": {
                "name": "varError",
                "value": "@true"
              }
            },
            "Filter_array": {
              "runAfter": {
                "Set_variable_-_varError": [
                  "Succeeded"
                ]
              },
              "metadata": {
                "operationMetadataId": "301a025e-ea1b-4244-a20a-fe3c1436b8e8"
              },
              "type": "Query",
              "inputs": {
                "from": "@result('Scope_-_Create_-_Try')",
                "where": "@or(equals(item()?['Status'], 'Failed'), equals(item()?['Status'], 'TimedOut'))"
              }
            },
            "Set_variable_-_varErrorMessage": {
              "runAfter": {
                "Filter_array": [
                  "Succeeded"
                ]
              },
              "metadata": {
                "operationMetadataId": "dd5739dd-aa08-4278-8090-73b056d8c997"
              },
              "type": "SetVariable",
              "inputs": {
                "name": "varErrorMessage",
                "value": "@{concat(first(body('Filter_array'))?['name'],'|#|',first(body('Filter_array'))?['code'])}"
              }
            }
          },
          "runAfter": {
            "Scope_-_Create_-_Try": [
              "Failed",
              "TimedOut"
            ]
          },
          "metadata": {
            "operationMetadataId": "1b6894f3-63fe-47da-a7bf-d1945420cbfc"
          },
          "type": "Scope"
        },
        "Scope_-_Create_-_Finally": {
          "actions": {
            "Condition_-_varError": {
              "actions": {
                "Respond_to_a_PowerApp_or_flow_-_NOK": {
                  "runAfter": {},
                  "metadata": {
                    "operationMetadataId": "3cc69b22-766a-4c06-90a3-950818c4e571"
                  },
                  "type": "Response",
                  "kind": "PowerApp",
                  "inputs": {
                    "statusCode": 200,
                    "body": {
                      "response": "NOK",
                      "message": "@variables('varErrorMessage')"
                    },
                    "schema": {
                      "type": "object",
                      "properties": {
                        "response": {
                          "title": "Response",
                          "x-ms-dynamically-added": true,
                          "type": "string"
                        },
                        "message": {
                          "title": "Message",
                          "x-ms-dynamically-added": true,
                          "type": "string"
                        }
                      }
                    }
                  }
                }
              },
              "runAfter": {},
              "else": {
                "actions": {
                  "Respond_to_a_PowerApp_or_flow_-_OK": {
                    "runAfter": {},
                    "metadata": {
                      "operationMetadataId": "bce2853c-7583-440c-bd97-27662441aba0"
                    },
                    "type": "Response",
                    "kind": "PowerApp",
                    "inputs": {
                      "statusCode": 200,
                      "body": {
                        "response": "OK",
                        "message": "-"
                      },
                      "schema": {
                        "type": "object",
                        "properties": {
                          "response": {
                            "title": "Response",
                            "x-ms-dynamically-added": true,
                            "type": "string"
                          },
                          "message": {
                            "title": "Message",
                            "x-ms-dynamically-added": true,
                            "type": "string"
                          }
                        }
                      }
                    }
                  }
                }
              },
              "expression": {
                "equals": [
                  "@variables('varError')",
                  "@true"
                ]
              },
              "metadata": {
                "operationMetadataId": "d771f3f6-74e2-4d75-9429-ca1f52452c2a"
              },
              "type": "If"
            }
          },
          "runAfter": {
            "Scope_-_Create_-_Catch": [
              "Succeeded",
              "Failed",
              "Skipped",
              "TimedOut"
            ]
          },
          "metadata": {
            "operationMetadataId": "d6173401-d27d-42c8-b13a-e1153511494b"
          },
          "type": "Scope"
        }
      }
    },
    "templateName": ""
  },
  "schemaVersion": "1.0.0.0"
}