{
  "properties": {
    "connectionReferences": {
      "shared_sharepointonline_1": {
        "runtimeSource": "invoker",
        "connection": {
          "connectionReferenceLogicalName": "faf_SharePointSPOT"
        },
        "api": {
          "name": "shared_sharepointonline"
        }
      }
    },
    "definition": {
      "$schema": "https://schema.management.azure.com/providers/Microsoft.Logic/schemas/2016-06-01/workflowdefinition.json#",
      "contentVersion": "1.0.0.0",
      "parameters": {
        "$connections": {
          "defaultValue": {},
          "type": "Object"
        },
        "$authentication": {
          "defaultValue": {},
          "type": "SecureObject"
        }
      },
      "triggers": {
        "manual": {
          "metadata": {
            "operationMetadataId": "8bd463ed-a432-42e0-9473-11efa90eb1b6"
          },
          "type": "Request",
          "kind": "PowerAppV2",
          "inputs": {
            "schema": {
              "type": "object",
              "properties": {
                "text": {
                  "title": "siteurl",
                  "type": "string",
                  "x-ms-dynamically-added": true,
                  "description": "Please enter your input",
                  "x-ms-content-hint": "TEXT"
                },
                "text_1": {
                  "title": "schema",
                  "type": "string",
                  "x-ms-dynamically-added": true,
                  "description": "Please enter your input",
                  "x-ms-content-hint": "TEXT"
                },
                "text_2": {
                  "title": "record",
                  "type": "string",
                  "x-ms-dynamically-added": true,
                  "description": "Please enter your input",
                  "x-ms-content-hint": "TEXT"
                }
              },
              "required": [
                "text",
                "text_1",
                "text_2"
              ]
            }
          }
        }
      },
      "actions": {
        "Scope_-_Create_-_Try": {
          "actions": {
            "Parse_JSON_-_Record": {
              "runAfter": {},
              "metadata": {
                "operationMetadataId": "9a1c9a89-b05f-4814-a852-cf69a6dd077b"
              },
              "type": "ParseJson",
              "inputs": {
                "content": "@triggerBody()['text_2']",
                "schema": {
                  "type": "object",
                  "properties": {
                    "appendchanges": {
                      "type": [
                        "boolean",
                        "null"
                      ]
                    },
                    "columntype": {
                      "type": "string"
                    },
                    "defaultvalue_slot": {
                      "type": [
                        "string",
                        "null"
                      ]
                    },
                    "description": {
                      "type": [
                        "string",
                        "null"
                      ]
                    },
                    "displayname": {
                      "type": "string"
                    },
                    "docliblist": {
                      "type": "string"
                    },
                    "docliblisttype": {
                      "type": "string"
                    },
                    "guid": {
                      "type": "string"
                    },
                    "internalname": {
                      "type": "string"
                    },
                    "maxnumberofchar": {
                      "type": [
                        "integer",
                        "null"
                      ]
                    },
                    "numberoflines": {
                      "type": [
                        "integer",
                        "null"
                      ]
                    },
                    "requiredata": {
                      "type": [
                        "boolean",
                        "null"
                      ]
                    },
                    "schema": {
                      "type": "integer"
                    },
                    "uniquevalues": {
                      "type": [
                        "boolean",
                        "null"
                      ]
                    }
                  }
                }
              }
            },
            "Condition_-_Schema_-_1": {
              "actions": {
                "Send_an_HTTP_request_to_SharePoint_-_Get_DocLib-List": {
                  "runAfter": {},
                  "limit": {
                    "timeout": "PT24S"
                  },
                  "metadata": {
                    "operationMetadataId": "41084186-586e-4b68-b620-3da0a5349c9d"
                  },
                  "type": "OpenApiConnection",
                  "inputs": {
                    "host": {
                      "connectionName": "shared_sharepointonline_1",
                      "operationId": "HttpRequest",
                      "apiId": "/providers/Microsoft.PowerApps/apis/shared_sharepointonline"
                    },
                    "parameters": {
                      "dataset": "@triggerBody()['text']",
                      "parameters/method": "GET",
                      "parameters/uri": "/_api/web/lists/getbytitle('@{body('Parse_JSON_-_Record')?['docliblist']}')"
                    },
                    "authentication": "@parameters('$authentication')",
                    "retryPolicy": {
                      "type": "none"
                    }
                  }
                },
                "Parse_JSON_-_DocLibList": {
                  "runAfter": {
                    "Send_an_HTTP_request_to_SharePoint_-_Get_DocLib-List": [
                      "Succeeded"
                    ]
                  },
                  "metadata": {
                    "operationMetadataId": "c02d7f6e-552e-46a9-8ad4-b6a158a1a6cd"
                  },
                  "type": "ParseJson",
                  "inputs": {
                    "content": "@body('Send_an_HTTP_request_to_SharePoint_-_Get_DocLib-List')",
                    "schema": {
                      "type": "object",
                      "properties": {
                        "d": {
                          "type": "object",
                          "properties": {
                            "__metadata": {
                              "type": "object",
                              "properties": {
                                "id": {
                                  "type": "string"
                                },
                                "uri": {
                                  "type": "string"
                                },
                                "etag": {
                                  "type": "string"
                                },
                                "type": {
                                  "type": "string"
                                }
                              }
                            },
                            "FirstUniqueAncestorSecurableObject": {
                              "type": "object",
                              "properties": {
                                "__deferred": {
                                  "type": "object",
                                  "properties": {
                                    "uri": {
                                      "type": "string"
                                    }
                                  }
                                }
                              }
                            },
                            "RoleAssignments": {
                              "type": "object",
                              "properties": {
                                "__deferred": {
                                  "type": "object",
                                  "properties": {
                                    "uri": {
                                      "type": "string"
                                    }
                                  }
                                }
                              }
                            },
                            "Author": {
                              "type": "object",
                              "properties": {
                                "__deferred": {
                                  "type": "object",
                                  "properties": {
                                    "uri": {
                                      "type": "string"
                                    }
                                  }
                                }
                              }
                            },
                            "ContentTypes": {
                              "type": "object",
                              "properties": {
                                "__deferred": {
                                  "type": "object",
                                  "properties": {
                                    "uri": {
                                      "type": "string"
                                    }
                                  }
                                }
                              }
                            },
                            "CreatablesInfo": {
                              "type": "object",
                              "properties": {
                                "__deferred": {
                                  "type": "object",
                                  "properties": {
                                    "uri": {
                                      "type": "string"
                                    }
                                  }
                                }
                              }
                            },
                            "DefaultView": {
                              "type": "object",
                              "properties": {
                                "__deferred": {
                                  "type": "object",
                                  "properties": {
                                    "uri": {
                                      "type": "string"
                                    }
                                  }
                                }
                              }
                            },
                            "DescriptionResource": {
                              "type": "object",
                              "properties": {
                                "__deferred": {
                                  "type": "object",
                                  "properties": {
                                    "uri": {
                                      "type": "string"
                                    }
                                  }
                                }
                              }
                            },
                            "EventReceivers": {
                              "type": "object",
                              "properties": {
                                "__deferred": {
                                  "type": "object",
                                  "properties": {
                                    "uri": {
                                      "type": "string"
                                    }
                                  }
                                }
                              }
                            },
                            "Fields": {
                              "type": "object",
                              "properties": {
                                "__deferred": {
                                  "type": "object",
                                  "properties": {
                                    "uri": {
                                      "type": "string"
                                    }
                                  }
                                }
                              }
                            },
                            "Forms": {
                              "type": "object",
                              "properties": {
                                "__deferred": {
                                  "type": "object",
                                  "properties": {
                                    "uri": {
                                      "type": "string"
                                    }
                                  }
                                }
                              }
                            },
                            "InformationRightsManagementSettings": {
                              "type": "object",
                              "properties": {
                                "__deferred": {
                                  "type": "object",
                                  "properties": {
                                    "uri": {
                                      "type": "string"
                                    }
                                  }
                                }
                              }
                            },
                            "Items": {
                              "type": "object",
                              "properties": {
                                "__deferred": {
                                  "type": "object",
                                  "properties": {
                                    "uri": {
                                      "type": "string"
                                    }
                                  }
                                }
                              }
                            },
                            "ParentWeb": {
                              "type": "object",
                              "properties": {
                                "__deferred": {
                                  "type": "object",
                                  "properties": {
                                    "uri": {
                                      "type": "string"
                                    }
                                  }
                                }
                              }
                            },
                            "RootFolder": {
                              "type": "object",
                              "properties": {
                                "__deferred": {
                                  "type": "object",
                                  "properties": {
                                    "uri": {
                                      "type": "string"
                                    }
                                  }
                                }
                              }
                            },
                            "Subscriptions": {
                              "type": "object",
                              "properties": {
                                "__deferred": {
                                  "type": "object",
                                  "properties": {
                                    "uri": {
                                      "type": "string"
                                    }
                                  }
                                }
                              }
                            },
                            "TitleResource": {
                              "type": "object",
                              "properties": {
                                "__deferred": {
                                  "type": "object",
                                  "properties": {
                                    "uri": {
                                      "type": "string"
                                    }
                                  }
                                }
                              }
                            },
                            "UserCustomActions": {
                              "type": "object",
                              "properties": {
                                "__deferred": {
                                  "type": "object",
                                  "properties": {
                                    "uri": {
                                      "type": "string"
                                    }
                                  }
                                }
                              }
                            },
                            "VersionPolicies": {
                              "type": "object",
                              "properties": {
                                "__deferred": {
                                  "type": "object",
                                  "properties": {
                                    "uri": {
                                      "type": "string"
                                    }
                                  }
                                }
                              }
                            },
                            "Views": {
                              "type": "object",
                              "properties": {
                                "__deferred": {
                                  "type": "object",
                                  "properties": {
                                    "uri": {
                                      "type": "string"
                                    }
                                  }
                                }
                              }
                            },
                            "WorkflowAssociations": {
                              "type": "object",
                              "properties": {
                                "__deferred": {
                                  "type": "object",
                                  "properties": {
                                    "uri": {
                                      "type": "string"
                                    }
                                  }
                                }
                              }
                            },
                            "AllowContentTypes": {
                              "type": "boolean"
                            },
                            "BaseTemplate": {
                              "type": "integer"
                            },
                            "BaseType": {
                              "type": "integer"
                            },
                            "ContentTypesEnabled": {
                              "type": "boolean"
                            },
                            "CrawlNonDefaultViews": {
                              "type": "boolean"
                            },
                            "Created": {
                              "type": "string"
                            },
                            "CurrentChangeToken": {
                              "type": "object",
                              "properties": {
                                "__metadata": {
                                  "type": "object",
                                  "properties": {
                                    "type": {
                                      "type": "string"
                                    }
                                  }
                                },
                                "StringValue": {
                                  "type": "string"
                                }
                              }
                            },
                            "DefaultContentApprovalWorkflowId": {
                              "type": "string"
                            },
                            "DefaultItemOpenUseListSetting": {
                              "type": "boolean"
                            },
                            "Description": {
                              "type": "string"
                            },
                            "Direction": {
                              "type": "string"
                            },
                            "DisableCommenting": {
                              "type": "boolean"
                            },
                            "DisableGridEditing": {
                              "type": "boolean"
                            },
                            "DocumentTemplateUrl": {},
                            "DraftVersionVisibility": {
                              "type": "integer"
                            },
                            "EnableAttachments": {
                              "type": "boolean"
                            },
                            "EnableFolderCreation": {
                              "type": "boolean"
                            },
                            "EnableMinorVersions": {
                              "type": "boolean"
                            },
                            "EnableModeration": {
                              "type": "boolean"
                            },
                            "EnableRequestSignOff": {
                              "type": "boolean"
                            },
                            "EnableVersioning": {
                              "type": "boolean"
                            },
                            "EntityTypeName": {
                              "type": "string"
                            },
                            "ExemptFromBlockDownloadOfNonViewableFiles": {
                              "type": "boolean"
                            },
                            "FileSavePostProcessingEnabled": {
                              "type": "boolean"
                            },
                            "ForceCheckout": {
                              "type": "boolean"
                            },
                            "HasExternalDataSource": {
                              "type": "boolean"
                            },
                            "Hidden": {
                              "type": "boolean"
                            },
                            "Id": {
                              "type": "string"
                            },
                            "ImagePath": {
                              "type": "object",
                              "properties": {
                                "__metadata": {
                                  "type": "object",
                                  "properties": {
                                    "type": {
                                      "type": "string"
                                    }
                                  }
                                },
                                "DecodedUrl": {
                                  "type": "string"
                                }
                              }
                            },
                            "ImageUrl": {
                              "type": "string"
                            },
                            "DefaultSensitivityLabelForLibrary": {
                              "type": "string"
                            },
                            "SensitivityLabelToEncryptOnDOwnloadForLibrary": {},
                            "IrmEnabled": {
                              "type": "boolean"
                            },
                            "IrmExpire": {
                              "type": "boolean"
                            },
                            "IrmReject": {
                              "type": "boolean"
                            },
                            "IsApplicationList": {
                              "type": "boolean"
                            },
                            "IsCatalog": {
                              "type": "boolean"
                            },
                            "IsPrivate": {
                              "type": "boolean"
                            },
                            "ItemCount": {
                              "type": "integer"
                            },
                            "LastItemDeletedDate": {
                              "type": "string"
                            },
                            "LastItemModifiedDate": {
                              "type": "string"
                            },
                            "LastItemUserModifiedDate": {
                              "type": "string"
                            },
                            "ListExperienceOptions": {
                              "type": "integer"
                            },
                            "ListItemEntityTypeFullName": {
                              "type": "string"
                            },
                            "MajorVersionLimit": {
                              "type": "integer"
                            },
                            "MajorWithMinorVersionsLimit": {
                              "type": "integer"
                            },
                            "MultipleDataList": {
                              "type": "boolean"
                            },
                            "NoCrawl": {
                              "type": "boolean"
                            },
                            "ParentWebPath": {
                              "type": "object",
                              "properties": {
                                "__metadata": {
                                  "type": "object",
                                  "properties": {
                                    "type": {
                                      "type": "string"
                                    }
                                  }
                                },
                                "DecodedUrl": {
                                  "type": "string"
                                }
                              }
                            },
                            "ParentWebUrl": {
                              "type": "string"
                            },
                            "ParserDisabled": {
                              "type": "boolean"
                            },
                            "ServerTemplateCanCreateFolders": {
                              "type": "boolean"
                            },
                            "TemplateFeatureId": {
                              "type": "string"
                            },
                            "Title": {
                              "type": "string"
                            }
                          }
                        }
                      }
                    }
                  }
                },
                "Condition_-_Multiple_lines_of_text_(Enhanced_rich_text)": {
                  "actions": {
                    "Send_an_HTTP_request_to_SharePoint_-_Multiple_lines_of_text_(Enhanced_rich_text)": {
                      "runAfter": {},
                      "limit": {
                        "timeout": "PT24S"
                      },
                      "metadata": {
                        "operationMetadataId": "a0b8fae0-9228-458c-8f03-1237c3fa895f"
                      },
                      "type": "OpenApiConnection",
                      "inputs": {
                        "host": {
                          "connectionName": "shared_sharepointonline_1",
                          "operationId": "HttpRequest",
                          "apiId": "/providers/Microsoft.PowerApps/apis/shared_sharepointonline"
                        },
                        "parameters": {
                          "dataset": "@triggerBody()['text']",
                          "parameters/method": "POST",
                          "parameters/uri": "/_api/web/lists(guid'@{body('Parse_JSON_-_DocLibList')?['d']?['Id']}')/Fields",
                          "parameters/headers": {
                            "accept": "application/json;odata=verbose",
                            "content-type": "application/json;odata=verbose"
                          },
                          "parameters/body": "{\n  \"__metadata\": {\n    \"type\": \"SP.Field\"\n  },\n  \"FieldTypeKind\": 3,\n  \"Required\": @{toLower(string(body('Parse_JSON_-_Record')?['requiredata']))},\n  \"RichText\": true,\n  \"RichTextMode\": \"FullHtml\",\n  \"StaticName\": \"@{body('Parse_JSON_-_Record')?['internalname']}\",\n  \"Title\": \"@{body('Parse_JSON_-_Record')?['displayname']}\"\n}"
                        },
                        "authentication": "@parameters('$authentication')",
                        "retryPolicy": {
                          "type": "none"
                        }
                      }
                    }
                  },
                  "runAfter": {
                    "Parse_JSON_-_DocLibList": [
                      "Succeeded"
                    ]
                  },
                  "expression": {
                    "equals": [
                      "@body('Parse_JSON_-_Record')?['columntype']",
                      "@string('Multiple lines of text (Enhanced rich text)')"
                    ]
                  },
                  "metadata": {
                    "operationMetadataId": "d8ba8184-bdb8-42f2-bd9a-9f2d94f81539"
                  },
                  "type": "If"
                },
                "Condition_-_Multiple_lines_of_text_(Plain_text)": {
                  "actions": {
                    "Send_an_HTTP_request_to_SharePoint_-_Multiple_lines_of_text_(Plain_text)": {
                      "runAfter": {},
                      "limit": {
                        "timeout": "PT24S"
                      },
                      "metadata": {
                        "operationMetadataId": "a0b8fae0-9228-458c-8f03-1237c3fa895f"
                      },
                      "type": "OpenApiConnection",
                      "inputs": {
                        "host": {
                          "connectionName": "shared_sharepointonline_1",
                          "operationId": "HttpRequest",
                          "apiId": "/providers/Microsoft.PowerApps/apis/shared_sharepointonline"
                        },
                        "parameters": {
                          "dataset": "@triggerBody()['text']",
                          "parameters/method": "POST",
                          "parameters/uri": "/_api/web/lists(guid'@{body('Parse_JSON_-_DocLibList')?['d']?['Id']}')/Fields",
                          "parameters/headers": {
                            "accept": "application/json;odata=verbose",
                            "content-type": "application/json;odata=verbose"
                          },
                          "parameters/body": "{\n  \"__metadata\": {\n    \"type\": \"SP.Field\"\n  },\n  \"FieldTypeKind\": 3,\n  \"Required\": @{toLower(string(body('Parse_JSON_-_Record')?['requiredata']))},\n  \"StaticName\": \"@{body('Parse_JSON_-_Record')?['internalname']}\",\n  \"Title\": \"@{body('Parse_JSON_-_Record')?['displayname']}\"\n}"
                        },
                        "authentication": "@parameters('$authentication')",
                        "retryPolicy": {
                          "type": "none"
                        }
                      }
                    }
                  },
                  "runAfter": {
                    "Condition_-_Multiple_lines_of_text_(Enhanced_rich_text)": [
                      "Succeeded"
                    ]
                  },
                  "expression": {
                    "equals": [
                      "@body('Parse_JSON_-_Record')?['columntype']",
                      "@string('Multiple lines of text (Plain text)')"
                    ]
                  },
                  "metadata": {
                    "operationMetadataId": "c4bf562e-19bc-4bf7-a776-243e108666b2"
                  },
                  "type": "If"
                },
                "Condition_-_Multiple_lines_of_text_(Rich_text)": {
                  "actions": {
                    "Send_an_HTTP_request_to_SharePoint_-_Multiple_lines_of_text_(Rich_text)": {
                      "runAfter": {},
                      "limit": {
                        "timeout": "PT24S"
                      },
                      "metadata": {
                        "operationMetadataId": "a0b8fae0-9228-458c-8f03-1237c3fa895f"
                      },
                      "type": "OpenApiConnection",
                      "inputs": {
                        "host": {
                          "connectionName": "shared_sharepointonline_1",
                          "operationId": "HttpRequest",
                          "apiId": "/providers/Microsoft.PowerApps/apis/shared_sharepointonline"
                        },
                        "parameters": {
                          "dataset": "@triggerBody()['text']",
                          "parameters/method": "POST",
                          "parameters/uri": "/_api/web/lists(guid'@{body('Parse_JSON_-_DocLibList')?['d']?['Id']}')/Fields",
                          "parameters/headers": {
                            "accept": "application/json;odata=verbose",
                            "content-type": "application/json;odata=verbose"
                          },
                          "parameters/body": "{\n  \"__metadata\": {\n    \"type\": \"SP.Field\"\n  },\n  \"FieldTypeKind\": 3,\n  \"Required\": @{toLower(string(body('Parse_JSON_-_Record')?['requiredata']))},\n  \"RichText\": true,\n  \"StaticName\": \"@{body('Parse_JSON_-_Record')?['internalname']}\",\n  \"Title\": \"@{body('Parse_JSON_-_Record')?['displayname']}\"\n}"
                        },
                        "authentication": "@parameters('$authentication')",
                        "retryPolicy": {
                          "type": "none"
                        }
                      }
                    }
                  },
                  "runAfter": {
                    "Condition_-_Multiple_lines_of_text_(Plain_text)": [
                      "Succeeded"
                    ]
                  },
                  "expression": {
                    "equals": [
                      "@body('Parse_JSON_-_Record')?['columntype']",
                      "@string('Multiple lines of text (Rich text)')"
                    ]
                  },
                  "metadata": {
                    "operationMetadataId": "e4f14b81-ca06-45e5-b32d-b774313e5324"
                  },
                  "type": "If"
                },
                "Condition_-_Number": {
                  "actions": {
                    "Send_an_HTTP_request_to_SharePoint_-_Number": {
                      "runAfter": {},
                      "limit": {
                        "timeout": "PT24S"
                      },
                      "metadata": {
                        "operationMetadataId": "a0b8fae0-9228-458c-8f03-1237c3fa895f"
                      },
                      "type": "OpenApiConnection",
                      "inputs": {
                        "host": {
                          "connectionName": "shared_sharepointonline_1",
                          "operationId": "HttpRequest",
                          "apiId": "/providers/Microsoft.PowerApps/apis/shared_sharepointonline"
                        },
                        "parameters": {
                          "dataset": "@triggerBody()['text']",
                          "parameters/method": "POST",
                          "parameters/uri": "/_api/web/lists(guid'@{body('Parse_JSON_-_DocLibList')?['d']?['Id']}')/Fields",
                          "parameters/headers": {
                            "accept": "application/json;odata=verbose",
                            "content-type": "application/json;odata=verbose"
                          },
                          "parameters/body": "{\n  \"__metadata\": {\n    \"type\": \"SP.Field\"\n  },\n  \"DefaultValue\": \"@{body('Parse_JSON_-_Record')?['defaultvalue_slot']}\",\n  \"EnforceUniqueValues\": @{toLower(string(body('Parse_JSON_-_Record')?['uniquevalues']))},\n  \"FieldTypeKind\": 1,\n  \"Required\": @{toLower(string(body('Parse_JSON_-_Record')?['requiredata']))},\n  \"StaticName\": \"@{body('Parse_JSON_-_Record')?['internalname']}\",\n  \"Title\": \"@{body('Parse_JSON_-_Record')?['displayname']}\"\n}"
                        },
                        "authentication": "@parameters('$authentication')",
                        "retryPolicy": {
                          "type": "none"
                        }
                      }
                    }
                  },
                  "runAfter": {
                    "Condition_-_Multiple_lines_of_text_(Rich_text)": [
                      "Succeeded"
                    ]
                  },
                  "expression": {
                    "equals": [
                      "@body('Parse_JSON_-_Record')?['columntype']",
                      "Number"
                    ]
                  },
                  "metadata": {
                    "operationMetadataId": "e89d3233-4031-4465-a5da-973eccf56df9"
                  },
                  "type": "If"
                },
                "Condition_-_Single_line_of_text": {
                  "actions": {
                    "Send_an_HTTP_request_to_SharePoint_-_Single_line_of_text": {
                      "runAfter": {},
                      "limit": {
                        "timeout": "PT24S"
                      },
                      "metadata": {
                        "operationMetadataId": "a0b8fae0-9228-458c-8f03-1237c3fa895f"
                      },
                      "type": "OpenApiConnection",
                      "inputs": {
                        "host": {
                          "connectionName": "shared_sharepointonline_1",
                          "operationId": "HttpRequest",
                          "apiId": "/providers/Microsoft.PowerApps/apis/shared_sharepointonline"
                        },
                        "parameters": {
                          "dataset": "@triggerBody()['text']",
                          "parameters/method": "POST",
                          "parameters/uri": "/_api/web/lists(guid'@{body('Parse_JSON_-_DocLibList')?['d']?['Id']}')/Fields/createfieldasxml",
                          "parameters/headers": {
                            "accept": "application/json;odata=verbose",
                            "content-type": "application/json;odata=verbose"
                          },
                          "parameters/body": "{\n  \"parameters\": {\n    \"__metadata\": {\n      \"type\": \"SP.XmlSchemaFieldCreationInformation\"\n    },\n    \"SchemaXml\": \"<Field Type='Text' Description='@{body('Parse_JSON_-_Record')?['description']}' DisplayName='@{body('Parse_JSON_-_Record')?['internalname']}' Indexed='True' MaxLength='@{body('Parse_JSON_-_Record')?['maxnumberofchar']}' Name='@{body('Parse_JSON_-_Record')?['internalname']}' Required='@{body('Parse_JSON_-_Record')?['requiredata']}' StaticName='@{body('Parse_JSON_-_Record')?['internalname']}'></Field>\"\n  }\n}"
                        },
                        "authentication": "@parameters('$authentication')",
                        "retryPolicy": {
                          "type": "none"
                        }
                      }
                    },
                    "Parse_JSON_-_Single_line_of_text": {
                      "runAfter": {
                        "Send_an_HTTP_request_to_SharePoint_-_Single_line_of_text": [
                          "Succeeded"
                        ]
                      },
                      "metadata": {
                        "operationMetadataId": "d043f35e-6b4e-45be-ae8f-cbe1b9d34d6e"
                      },
                      "type": "ParseJson",
                      "inputs": {
                        "content": "@body('Send_an_HTTP_request_to_SharePoint_-_Single_line_of_text')",
                        "schema": {
                          "type": "object",
                          "properties": {
                            "d": {
                              "type": "object",
                              "properties": {
                                "__metadata": {
                                  "type": "object",
                                  "properties": {
                                    "id": {
                                      "type": "string"
                                    },
                                    "uri": {
                                      "type": "string"
                                    },
                                    "type": {
                                      "type": "string"
                                    }
                                  }
                                },
                                "DescriptionResource": {
                                  "type": "object",
                                  "properties": {
                                    "__deferred": {
                                      "type": "object",
                                      "properties": {
                                        "uri": {
                                          "type": "string"
                                        }
                                      }
                                    }
                                  }
                                },
                                "TitleResource": {
                                  "type": "object",
                                  "properties": {
                                    "__deferred": {
                                      "type": "object",
                                      "properties": {
                                        "uri": {
                                          "type": "string"
                                        }
                                      }
                                    }
                                  }
                                },
                                "AutoIndexed": {
                                  "type": "boolean"
                                },
                                "CanBeDeleted": {
                                  "type": "boolean"
                                },
                                "ClientSideComponentId": {
                                  "type": "string"
                                },
                                "ClientSideComponentProperties": {},
                                "ClientValidationFormula": {},
                                "ClientValidationMessage": {},
                                "CustomFormatter": {},
                                "DefaultFormula": {},
                                "DefaultValue": {},
                                "Description": {
                                  "type": "string"
                                },
                                "Direction": {
                                  "type": "string"
                                },
                                "EnforceUniqueValues": {
                                  "type": "boolean"
                                },
                                "EntityPropertyName": {
                                  "type": "string"
                                },
                                "Filterable": {
                                  "type": "boolean"
                                },
                                "FromBaseType": {
                                  "type": "boolean"
                                },
                                "Group": {
                                  "type": "string"
                                },
                                "Hidden": {
                                  "type": "boolean"
                                },
                                "Id": {
                                  "type": "string"
                                },
                                "Indexed": {
                                  "type": "boolean"
                                },
                                "IndexStatus": {
                                  "type": "integer"
                                },
                                "InternalName": {
                                  "type": "string"
                                },
                                "IsModern": {
                                  "type": "boolean"
                                },
                                "JSLink": {
                                  "type": "string"
                                },
                                "PinnedToFiltersPane": {
                                  "type": "boolean"
                                },
                                "ReadOnlyField": {
                                  "type": "boolean"
                                },
                                "Required": {
                                  "type": "boolean"
                                },
                                "SchemaXml": {
                                  "type": "string"
                                },
                                "Scope": {
                                  "type": "string"
                                },
                                "Sealed": {
                                  "type": "boolean"
                                },
                                "ShowInFiltersPane": {
                                  "type": "integer"
                                },
                                "Sortable": {
                                  "type": "boolean"
                                },
                                "StaticName": {
                                  "type": "string"
                                },
                                "Title": {
                                  "type": "string"
                                },
                                "FieldTypeKind": {
                                  "type": "integer"
                                },
                                "TypeAsString": {
                                  "type": "string"
                                },
                                "TypeDisplayName": {
                                  "type": "string"
                                },
                                "TypeShortDescription": {
                                  "type": "string"
                                },
                                "ValidationFormula": {},
                                "ValidationMessage": {},
                                "MaxLength": {
                                  "type": "integer"
                                }
                              }
                            }
                          }
                        }
                      }
                    },
                    "Send_an_HTTP_request_to_SharePoint_-_Single_line_of_text_-_Update": {
                      "runAfter": {
                        "Parse_JSON_-_Single_line_of_text": [
                          "Succeeded"
                        ]
                      },
                      "limit": {
                        "timeout": "PT24S"
                      },
                      "metadata": {
                        "operationMetadataId": "dcea6902-273b-4b87-a8d6-d3df901bd773"
                      },
                      "type": "OpenApiConnection",
                      "inputs": {
                        "host": {
                          "connectionName": "shared_sharepointonline_1",
                          "operationId": "HttpRequest",
                          "apiId": "/providers/Microsoft.PowerApps/apis/shared_sharepointonline"
                        },
                        "parameters": {
                          "dataset": "@triggerBody()['text']",
                          "parameters/method": "POST",
                          "parameters/uri": "/_api/web/lists(guid'@{body('Parse_JSON_-_DocLibList')?['d']?['Id']}')/fields('@{body('Parse_JSON_-_Single_line_of_text')?['d']?['Id']}')",
                          "parameters/headers": {
                            "content-type": "application/json;odata=verbose",
                            "X-HTTP-Method": "MERGE"
                          },
                          "parameters/body": "{\n  \"__metadata\": {\n    \"type\": \"SP.Field\"\n  },\n  \"Title\": \"@{body('Parse_JSON_-_Record')?['displayname']}\"\n}"
                        },
                        "authentication": "@parameters('$authentication')",
                        "retryPolicy": {
                          "type": "none"
                        }
                      }
                    }
                  },
                  "runAfter": {
                    "Condition_-_Number": [
                      "Succeeded"
                    ]
                  },
                  "expression": {
                    "equals": [
                      "@body('Parse_JSON_-_Record')?['columntype']",
                      "Single line of text"
                    ]
                  },
                  "metadata": {
                    "operationMetadataId": "2b6e7eb6-0ccd-40ee-b0ac-dc92675ddc25"
                  },
                  "type": "If"
                }
              },
              "runAfter": {
                "Parse_JSON_-_Record": [
                  "Succeeded"
                ]
              },
              "expression": {
                "equals": [
                  "@body('Parse_JSON_-_Record')?['schema']",
                  1
                ]
              },
              "metadata": {
                "operationMetadataId": "5e3a5f9d-9745-425e-a0f4-b12a5febcdef"
              },
              "type": "If"
            }
          },
          "runAfter": {
            "Initialize_variable_-_varErrorMessage": [
              "Succeeded"
            ]
          },
          "metadata": {
            "operationMetadataId": "3df04b8d-7cde-4dcc-abf7-5808ed81640b"
          },
          "type": "Scope"
        },
        "Initialize_variable_-_varError": {
          "runAfter": {},
          "metadata": {
            "operationMetadataId": "36cd3741-abfa-42a1-a06c-ccc1c17ee37e"
          },
          "type": "InitializeVariable",
          "inputs": {
            "variables": [
              {
                "name": "varError",
                "type": "boolean",
                "value": "@false"
              }
            ]
          }
        },
        "Initialize_variable_-_varErrorMessage": {
          "runAfter": {
            "Initialize_variable_-_varError": [
              "Succeeded"
            ]
          },
          "metadata": {
            "operationMetadataId": "c7c91786-3b21-47d6-b921-141224a258ab"
          },
          "type": "InitializeVariable",
          "inputs": {
            "variables": [
              {
                "name": "varErrorMessage",
                "type": "string"
              }
            ]
          }
        },
        "Scope_-_Create_-_Catch": {
          "actions": {
            "Set_variable_-_varError": {
              "runAfter": {},
              "metadata": {
                "operationMetadataId": "691735bb-8d62-4730-85fc-bade9bec7e68"
              },
              "type": "SetVariable",
              "inputs": {
                "name": "varError",
                "value": "@true"
              }
            },
            "Set_variable_-_varErrorMessage": {
              "runAfter": {
                "Filter_array": [
                  "Succeeded"
                ]
              },
              "metadata": {
                "operationMetadataId": "82e2f501-3402-4144-8384-2b7cfc5ecd0e"
              },
              "type": "SetVariable",
              "inputs": {
                "name": "varErrorMessage",
                "value": "@{concat(first(body('Filter_array'))?['name'],'|#|',first(body('Filter_array'))?['code'])}"
              }
            },
            "Filter_array": {
              "runAfter": {
                "Set_variable_-_varError": [
                  "Succeeded"
                ]
              },
              "metadata": {
                "operationMetadataId": "af1fff1e-9a82-4e2b-bbfb-593df8d3dbae"
              },
              "type": "Query",
              "inputs": {
                "from": "@result('Scope_-_Create_-_Try')",
                "where": "@or(equals(item()?['Status'], 'Failed'), equals(item()?['Status'], 'TimedOut'))"
              }
            }
          },
          "runAfter": {
            "Scope_-_Create_-_Try": [
              "Failed",
              "TimedOut"
            ]
          },
          "metadata": {
            "operationMetadataId": "7e4a0c11-7b85-41cc-a179-8ac7032b3b1b"
          },
          "type": "Scope"
        },
        "Scope_-_Create_-_Finally": {
          "actions": {
            "Condition_-_varError": {
              "actions": {
                "Respond_to_a_PowerApp_or_flow_-_NOK": {
                  "runAfter": {},
                  "metadata": {
                    "operationMetadataId": "7ae22601-f8ac-4505-a4bf-435eba9be8e4"
                  },
                  "type": "Response",
                  "kind": "PowerApp",
                  "inputs": {
                    "statusCode": 200,
                    "body": {
                      "response": "NOK",
                      "message": "@variables('varErrorMessage')"
                    },
                    "schema": {
                      "type": "object",
                      "properties": {
                        "response": {
                          "title": "Response",
                          "x-ms-dynamically-added": true,
                          "type": "string"
                        },
                        "message": {
                          "title": "Message",
                          "x-ms-dynamically-added": true,
                          "type": "string"
                        }
                      }
                    }
                  }
                }
              },
              "runAfter": {},
              "else": {
                "actions": {
                  "Respond_to_a_PowerApp_or_flow_-_OK": {
                    "runAfter": {},
                    "metadata": {
                      "operationMetadataId": "08386314-5294-4a4b-9137-1bf78b6cfb1a"
                    },
                    "type": "Response",
                    "kind": "PowerApp",
                    "inputs": {
                      "statusCode": 200,
                      "body": {
                        "response": "OK",
                        "message": "-"
                      },
                      "schema": {
                        "type": "object",
                        "properties": {
                          "response": {
                            "title": "Response",
                            "x-ms-dynamically-added": true,
                            "type": "string"
                          },
                          "message": {
                            "title": "Message",
                            "x-ms-dynamically-added": true,
                            "type": "string"
                          }
                        }
                      }
                    }
                  }
                }
              },
              "expression": {
                "equals": [
                  "@variables('varError')",
                  "@true"
                ]
              },
              "metadata": {
                "operationMetadataId": "b8fc2bba-54e2-446b-b992-8a1f676f232e"
              },
              "type": "If"
            }
          },
          "runAfter": {
            "Scope_-_Create_-_Catch": [
              "Succeeded",
              "Failed",
              "Skipped",
              "TimedOut"
            ]
          },
          "metadata": {
            "operationMetadataId": "f50d0e87-4fcd-4521-b04c-30d3bfe138ac"
          },
          "type": "Scope"
        }
      }
    },
    "templateName": ""
  },
  "schemaVersion": "1.0.0.0"
}