{
  "properties": {
    "connectionReferences": {
      "shared_sharepointonline_1": {
        "runtimeSource": "invoker",
        "connection": {
          "connectionReferenceLogicalName": "faf_SharePointSPOT"
        },
        "api": {
          "name": "shared_sharepointonline"
        }
      }
    },
    "definition": {
      "$schema": "https://schema.management.azure.com/providers/Microsoft.Logic/schemas/2016-06-01/workflowdefinition.json#",
      "contentVersion": "1.0.0.0",
      "parameters": {
        "$connections": {
          "defaultValue": {},
          "type": "Object"
        },
        "$authentication": {
          "defaultValue": {},
          "type": "SecureObject"
        }
      },
      "triggers": {
        "manual": {
          "metadata": {
            "operationMetadataId": "f27eb273-da49-4b93-94ae-de0d9888d7ed"
          },
          "type": "Request",
          "kind": "PowerAppV2",
          "inputs": {
            "schema": {
              "type": "object",
              "properties": {
                "text": {
                  "title": "siteurl",
                  "type": "string",
                  "x-ms-dynamically-added": true,
                  "description": "Please enter your input",
                  "x-ms-content-hint": "TEXT"
                },
                "text_1": {
                  "title": "schema",
                  "type": "string",
                  "x-ms-dynamically-added": true,
                  "description": "Please enter your input",
                  "x-ms-content-hint": "TEXT"
                },
                "text_2": {
                  "title": "record",
                  "type": "string",
                  "x-ms-dynamically-added": true,
                  "description": "Please enter your input",
                  "x-ms-content-hint": "TEXT"
                }
              },
              "required": [
                "text",
                "text_1",
                "text_2"
              ]
            }
          }
        }
      },
      "actions": {
        "Initialize_variable_-_varError": {
          "runAfter": {},
          "metadata": {
            "operationMetadataId": "e12173c5-c19e-4198-92d0-bc722e08301f"
          },
          "type": "InitializeVariable",
          "inputs": {
            "variables": [
              {
                "name": "varError",
                "type": "boolean",
                "value": "@false"
              }
            ]
          }
        },
        "Initialize_variable_-_varErrorMessage": {
          "runAfter": {
            "Initialize_variable_-_varError": [
              "Succeeded"
            ]
          },
          "metadata": {
            "operationMetadataId": "361be86c-cb29-4543-bb37-6fd5a11bd01b"
          },
          "type": "InitializeVariable",
          "inputs": {
            "variables": [
              {
                "name": "varErrorMessage",
                "type": "string"
              }
            ]
          }
        },
        "Scope_-_Delete_-_Try": {
          "actions": {
            "Parse_JSON_-_Record": {
              "runAfter": {},
              "metadata": {
                "operationMetadataId": "ebcd4612-cf0e-4c8a-9cce-a1eb68f79104"
              },
              "type": "ParseJson",
              "inputs": {
                "content": "@triggerBody()['text_2']",
                "schema": {
                  "type": "object",
                  "properties": {
                    "displayname": {
                      "type": "string"
                    },
                    "docliblist": {
                      "type": "string"
                    },
                    "docliblisttype": {
                      "type": "string"
                    },
                    "guid": {
                      "type": "string"
                    },
                    "query": {
                      "type": "string"
                    },
                    "schema": {
                      "type": "integer"
                    }
                  }
                }
              }
            },
            "Send_an_HTTP_request_to_SharePoint_-_DocLibList": {
              "runAfter": {
                "Parse_JSON_-_Record": [
                  "Succeeded"
                ]
              },
              "limit": {
                "timeout": "PT24S"
              },
              "metadata": {
                "operationMetadataId": "022404a1-db05-4f35-879f-64622e538054"
              },
              "type": "OpenApiConnection",
              "inputs": {
                "host": {
                  "connectionName": "shared_sharepointonline_1",
                  "operationId": "HttpRequest",
                  "apiId": "/providers/Microsoft.PowerApps/apis/shared_sharepointonline"
                },
                "parameters": {
                  "dataset": "@triggerBody()['text']",
                  "parameters/method": "GET",
                  "parameters/uri": "/_api/web/lists/getbytitle('@{body('Parse_JSON_-_Record')?['docliblist']}')"
                },
                "authentication": "@parameters('$authentication')",
                "retryPolicy": {
                  "type": "none"
                }
              }
            },
            "Parse_JSON_-_DocLibList": {
              "runAfter": {
                "Send_an_HTTP_request_to_SharePoint_-_DocLibList": [
                  "Succeeded"
                ]
              },
              "metadata": {
                "operationMetadataId": "45537e3f-63f1-45bb-b212-f7069f8f4eda"
              },
              "type": "ParseJson",
              "inputs": {
                "content": "@body('Send_an_HTTP_request_to_SharePoint_-_DocLibList')",
                "schema": {
                  "type": "object",
                  "properties": {
                    "d": {
                      "type": "object",
                      "properties": {
                        "__metadata": {
                          "type": "object",
                          "properties": {
                            "id": {
                              "type": "string"
                            },
                            "uri": {
                              "type": "string"
                            },
                            "etag": {
                              "type": "string"
                            },
                            "type": {
                              "type": "string"
                            }
                          }
                        },
                        "FirstUniqueAncestorSecurableObject": {
                          "type": "object",
                          "properties": {
                            "__deferred": {
                              "type": "object",
                              "properties": {
                                "uri": {
                                  "type": "string"
                                }
                              }
                            }
                          }
                        },
                        "RoleAssignments": {
                          "type": "object",
                          "properties": {
                            "__deferred": {
                              "type": "object",
                              "properties": {
                                "uri": {
                                  "type": "string"
                                }
                              }
                            }
                          }
                        },
                        "Author": {
                          "type": "object",
                          "properties": {
                            "__deferred": {
                              "type": "object",
                              "properties": {
                                "uri": {
                                  "type": "string"
                                }
                              }
                            }
                          }
                        },
                        "ContentTypes": {
                          "type": "object",
                          "properties": {
                            "__deferred": {
                              "type": "object",
                              "properties": {
                                "uri": {
                                  "type": "string"
                                }
                              }
                            }
                          }
                        },
                        "CreatablesInfo": {
                          "type": "object",
                          "properties": {
                            "__deferred": {
                              "type": "object",
                              "properties": {
                                "uri": {
                                  "type": "string"
                                }
                              }
                            }
                          }
                        },
                        "DefaultView": {
                          "type": "object",
                          "properties": {
                            "__deferred": {
                              "type": "object",
                              "properties": {
                                "uri": {
                                  "type": "string"
                                }
                              }
                            }
                          }
                        },
                        "DescriptionResource": {
                          "type": "object",
                          "properties": {
                            "__deferred": {
                              "type": "object",
                              "properties": {
                                "uri": {
                                  "type": "string"
                                }
                              }
                            }
                          }
                        },
                        "EventReceivers": {
                          "type": "object",
                          "properties": {
                            "__deferred": {
                              "type": "object",
                              "properties": {
                                "uri": {
                                  "type": "string"
                                }
                              }
                            }
                          }
                        },
                        "Fields": {
                          "type": "object",
                          "properties": {
                            "__deferred": {
                              "type": "object",
                              "properties": {
                                "uri": {
                                  "type": "string"
                                }
                              }
                            }
                          }
                        },
                        "Forms": {
                          "type": "object",
                          "properties": {
                            "__deferred": {
                              "type": "object",
                              "properties": {
                                "uri": {
                                  "type": "string"
                                }
                              }
                            }
                          }
                        },
                        "InformationRightsManagementSettings": {
                          "type": "object",
                          "properties": {
                            "__deferred": {
                              "type": "object",
                              "properties": {
                                "uri": {
                                  "type": "string"
                                }
                              }
                            }
                          }
                        },
                        "Items": {
                          "type": "object",
                          "properties": {
                            "__deferred": {
                              "type": "object",
                              "properties": {
                                "uri": {
                                  "type": "string"
                                }
                              }
                            }
                          }
                        },
                        "ParentWeb": {
                          "type": "object",
                          "properties": {
                            "__deferred": {
                              "type": "object",
                              "properties": {
                                "uri": {
                                  "type": "string"
                                }
                              }
                            }
                          }
                        },
                        "RootFolder": {
                          "type": "object",
                          "properties": {
                            "__deferred": {
                              "type": "object",
                              "properties": {
                                "uri": {
                                  "type": "string"
                                }
                              }
                            }
                          }
                        },
                        "Subscriptions": {
                          "type": "object",
                          "properties": {
                            "__deferred": {
                              "type": "object",
                              "properties": {
                                "uri": {
                                  "type": "string"
                                }
                              }
                            }
                          }
                        },
                        "TitleResource": {
                          "type": "object",
                          "properties": {
                            "__deferred": {
                              "type": "object",
                              "properties": {
                                "uri": {
                                  "type": "string"
                                }
                              }
                            }
                          }
                        },
                        "UserCustomActions": {
                          "type": "object",
                          "properties": {
                            "__deferred": {
                              "type": "object",
                              "properties": {
                                "uri": {
                                  "type": "string"
                                }
                              }
                            }
                          }
                        },
                        "VersionPolicies": {
                          "type": "object",
                          "properties": {
                            "__deferred": {
                              "type": "object",
                              "properties": {
                                "uri": {
                                  "type": "string"
                                }
                              }
                            }
                          }
                        },
                        "Views": {
                          "type": "object",
                          "properties": {
                            "__deferred": {
                              "type": "object",
                              "properties": {
                                "uri": {
                                  "type": "string"
                                }
                              }
                            }
                          }
                        },
                        "WorkflowAssociations": {
                          "type": "object",
                          "properties": {
                            "__deferred": {
                              "type": "object",
                              "properties": {
                                "uri": {
                                  "type": "string"
                                }
                              }
                            }
                          }
                        },
                        "AllowContentTypes": {
                          "type": "boolean"
                        },
                        "BaseTemplate": {
                          "type": "integer"
                        },
                        "BaseType": {
                          "type": "integer"
                        },
                        "ContentTypesEnabled": {
                          "type": "boolean"
                        },
                        "CrawlNonDefaultViews": {
                          "type": "boolean"
                        },
                        "Created": {
                          "type": "string"
                        },
                        "CurrentChangeToken": {
                          "type": "object",
                          "properties": {
                            "__metadata": {
                              "type": "object",
                              "properties": {
                                "type": {
                                  "type": "string"
                                }
                              }
                            },
                            "StringValue": {
                              "type": "string"
                            }
                          }
                        },
                        "DefaultContentApprovalWorkflowId": {
                          "type": "string"
                        },
                        "DefaultItemOpenUseListSetting": {
                          "type": "boolean"
                        },
                        "Description": {
                          "type": "string"
                        },
                        "Direction": {
                          "type": "string"
                        },
                        "DisableCommenting": {
                          "type": "boolean"
                        },
                        "DisableGridEditing": {
                          "type": "boolean"
                        },
                        "DocumentTemplateUrl": {},
                        "DraftVersionVisibility": {
                          "type": "integer"
                        },
                        "EnableAttachments": {
                          "type": "boolean"
                        },
                        "EnableFolderCreation": {
                          "type": "boolean"
                        },
                        "EnableMinorVersions": {
                          "type": "boolean"
                        },
                        "EnableModeration": {
                          "type": "boolean"
                        },
                        "EnableRequestSignOff": {
                          "type": "boolean"
                        },
                        "EnableVersioning": {
                          "type": "boolean"
                        },
                        "EntityTypeName": {
                          "type": "string"
                        },
                        "ExemptFromBlockDownloadOfNonViewableFiles": {
                          "type": "boolean"
                        },
                        "FileSavePostProcessingEnabled": {
                          "type": "boolean"
                        },
                        "ForceCheckout": {
                          "type": "boolean"
                        },
                        "HasExternalDataSource": {
                          "type": "boolean"
                        },
                        "Hidden": {
                          "type": "boolean"
                        },
                        "Id": {
                          "type": "string"
                        },
                        "ImagePath": {
                          "type": "object",
                          "properties": {
                            "__metadata": {
                              "type": "object",
                              "properties": {
                                "type": {
                                  "type": "string"
                                }
                              }
                            },
                            "DecodedUrl": {
                              "type": "string"
                            }
                          }
                        },
                        "ImageUrl": {
                          "type": "string"
                        },
                        "DefaultSensitivityLabelForLibrary": {
                          "type": "string"
                        },
                        "SensitivityLabelToEncryptOnDOwnloadForLibrary": {},
                        "IrmEnabled": {
                          "type": "boolean"
                        },
                        "IrmExpire": {
                          "type": "boolean"
                        },
                        "IrmReject": {
                          "type": "boolean"
                        },
                        "IsApplicationList": {
                          "type": "boolean"
                        },
                        "IsCatalog": {
                          "type": "boolean"
                        },
                        "IsPrivate": {
                          "type": "boolean"
                        },
                        "ItemCount": {
                          "type": "integer"
                        },
                        "LastItemDeletedDate": {
                          "type": "string"
                        },
                        "LastItemModifiedDate": {
                          "type": "string"
                        },
                        "LastItemUserModifiedDate": {
                          "type": "string"
                        },
                        "ListExperienceOptions": {
                          "type": "integer"
                        },
                        "ListItemEntityTypeFullName": {
                          "type": "string"
                        },
                        "MajorVersionLimit": {
                          "type": "integer"
                        },
                        "MajorWithMinorVersionsLimit": {
                          "type": "integer"
                        },
                        "MultipleDataList": {
                          "type": "boolean"
                        },
                        "NoCrawl": {
                          "type": "boolean"
                        },
                        "ParentWebPath": {
                          "type": "object",
                          "properties": {
                            "__metadata": {
                              "type": "object",
                              "properties": {
                                "type": {
                                  "type": "string"
                                }
                              }
                            },
                            "DecodedUrl": {
                              "type": "string"
                            }
                          }
                        },
                        "ParentWebUrl": {
                          "type": "string"
                        },
                        "ParserDisabled": {
                          "type": "boolean"
                        },
                        "ServerTemplateCanCreateFolders": {
                          "type": "boolean"
                        },
                        "TemplateFeatureId": {
                          "type": "string"
                        },
                        "Title": {
                          "type": "string"
                        }
                      }
                    }
                  }
                }
              }
            },
            "Send_an_HTTP_request_to_SharePoint_-_Delete": {
              "runAfter": {
                "Parse_JSON_-_DocLibList": [
                  "Succeeded"
                ]
              },
              "limit": {
                "timeout": "PT24S"
              },
              "metadata": {
                "operationMetadataId": "9ab445a1-b6d3-4b7c-acc3-aa96708ed7d4"
              },
              "type": "OpenApiConnection",
              "inputs": {
                "host": {
                  "connectionName": "shared_sharepointonline_1",
                  "operationId": "HttpRequest",
                  "apiId": "/providers/Microsoft.PowerApps/apis/shared_sharepointonline"
                },
                "parameters": {
                  "dataset": "@triggerBody()['text']",
                  "parameters/method": "POST",
                  "parameters/uri": "/_api/web/lists/getbytitle('@{body('Parse_JSON_-_Record')?['docliblist']}')/views/getbytitle('@{body('Parse_JSON_-_Record')?['displayname']}')",
                  "parameters/headers": {
                    "accept": "application/json;odata=verbose",
                    "content-type": "application/json;odata=verbose",
                    "X-HTTP-Method": "DELETE",
                    "IF-MATCH": "*"
                  }
                },
                "authentication": "@parameters('$authentication')",
                "retryPolicy": {
                  "type": "none"
                }
              }
            }
          },
          "runAfter": {
            "Initialize_variable_-_varErrorMessage": [
              "Succeeded"
            ]
          },
          "metadata": {
            "operationMetadataId": "fb2256cf-8c7b-4382-a250-664d04b75578"
          },
          "type": "Scope"
        },
        "Scope_-_Delete_-_Catch": {
          "actions": {
            "Set_variable_-_setVar": {
              "runAfter": {},
              "metadata": {
                "operationMetadataId": "389c0c9d-14b1-403f-836c-bb34180fa15a"
              },
              "type": "SetVariable",
              "inputs": {
                "name": "varError",
                "value": "@true"
              }
            },
            "Filter_array": {
              "runAfter": {
                "Set_variable_-_setVar": [
                  "Succeeded"
                ]
              },
              "metadata": {
                "operationMetadataId": "aebde937-0f42-4b83-aebf-52cb7f4325a5"
              },
              "type": "Query",
              "inputs": {
                "from": "@result('Scope_-_Delete_-_Try')",
                "where": "@or(equals(item()?['Status'], 'Failed'), equals(item()?['Status'], 'TimedOut'))"
              }
            },
            "Set_variable_-_varErrorMessage": {
              "runAfter": {
                "Filter_array": [
                  "Succeeded"
                ]
              },
              "metadata": {
                "operationMetadataId": "b17f252c-9b78-401e-8770-abc64e0e3afc"
              },
              "type": "SetVariable",
              "inputs": {
                "name": "varErrorMessage",
                "value": "@{concat(first(body('Filter_array'))?['name'],'|#|',first(body('Filter_array'))?['code'])}"
              }
            }
          },
          "runAfter": {
            "Scope_-_Delete_-_Try": [
              "Failed",
              "TimedOut"
            ]
          },
          "metadata": {
            "operationMetadataId": "46097add-6179-413a-8f46-df4a1979f7be"
          },
          "type": "Scope"
        },
        "Scope_-_Delete_-_Finally": {
          "actions": {
            "Condition_-_varError": {
              "actions": {
                "Respond_to_a_PowerApp_or_flow_-_NOK": {
                  "runAfter": {},
                  "metadata": {
                    "operationMetadataId": "7837d788-f8f9-498f-a050-409455c9ca3d"
                  },
                  "type": "Response",
                  "kind": "PowerApp",
                  "inputs": {
                    "statusCode": 200,
                    "body": {
                      "response": "NOK",
                      "message": "@variables('varErrorMessage')"
                    },
                    "schema": {
                      "type": "object",
                      "properties": {
                        "response": {
                          "title": "Response",
                          "x-ms-dynamically-added": true,
                          "type": "string"
                        },
                        "message": {
                          "title": "Message",
                          "x-ms-dynamically-added": true,
                          "type": "string"
                        }
                      }
                    }
                  }
                }
              },
              "runAfter": {},
              "else": {
                "actions": {
                  "Respond_to_a_PowerApp_or_flow_-_OK": {
                    "runAfter": {},
                    "metadata": {
                      "operationMetadataId": "31c95210-0fff-4f62-8f4c-4d22de569855"
                    },
                    "type": "Response",
                    "kind": "PowerApp",
                    "inputs": {
                      "statusCode": 200,
                      "body": {
                        "response": "OK",
                        "message": "-"
                      },
                      "schema": {
                        "type": "object",
                        "properties": {
                          "response": {
                            "title": "Response",
                            "x-ms-dynamically-added": true,
                            "type": "string"
                          },
                          "message": {
                            "title": "Message",
                            "x-ms-dynamically-added": true,
                            "type": "string"
                          }
                        }
                      }
                    }
                  }
                }
              },
              "expression": {
                "equals": [
                  "@variables('varError')",
                  "@true"
                ]
              },
              "metadata": {
                "operationMetadataId": "a773b2eb-63dd-4c68-ba2f-403698c99a2c"
              },
              "type": "If"
            }
          },
          "runAfter": {
            "Scope_-_Delete_-_Catch": [
              "Succeeded",
              "Failed",
              "Skipped",
              "TimedOut"
            ]
          },
          "metadata": {
            "operationMetadataId": "cff7235b-47f1-4a54-b933-4fa44d456255"
          },
          "type": "Scope"
        }
      }
    },
    "templateName": ""
  },
  "schemaVersion": "1.0.0.0"
}