{
  "properties": {
    "connectionReferences": {
      "shared_sharepointonline": {
        "runtimeSource": "invoker",
        "connection": {
          "connectionReferenceLogicalName": "faf_SharePointSPOT"
        },
        "api": {
          "name": "shared_sharepointonline"
        }
      }
    },
    "definition": {
      "$schema": "https://schema.management.azure.com/providers/Microsoft.Logic/schemas/2016-06-01/workflowdefinition.json#",
      "contentVersion": "1.0.0.0",
      "parameters": {
        "$connections": {
          "defaultValue": {},
          "type": "Object"
        },
        "$authentication": {
          "defaultValue": {},
          "type": "SecureObject"
        }
      },
      "triggers": {
        "manual": {
          "metadata": {
            "operationMetadataId": "e633c22e-98f5-4940-b4f1-2cadc29ebf97"
          },
          "type": "Request",
          "kind": "PowerAppV2",
          "inputs": {
            "schema": {
              "type": "object",
              "properties": {
                "text": {
                  "title": "siteurl",
                  "type": "string",
                  "x-ms-dynamically-added": true,
                  "description": "Please enter your input",
                  "x-ms-content-hint": "TEXT"
                },
                "text_1": {
                  "title": "schema",
                  "type": "string",
                  "x-ms-dynamically-added": true,
                  "description": "Please enter your input",
                  "x-ms-content-hint": "TEXT"
                },
                "text_2": {
                  "title": "record",
                  "type": "string",
                  "x-ms-dynamically-added": true,
                  "description": "Please enter your input",
                  "x-ms-content-hint": "TEXT"
                }
              },
              "required": [
                "text",
                "text_1",
                "text_2"
              ]
            }
          }
        }
      },
      "actions": {
        "Initialize_variable_-_varError": {
          "runAfter": {},
          "metadata": {
            "operationMetadataId": "7eb754f4-b908-4cdc-af3d-400abaf1afb5"
          },
          "type": "InitializeVariable",
          "inputs": {
            "variables": [
              {
                "name": "varError",
                "type": "boolean",
                "value": "@false"
              }
            ]
          }
        },
        "Initialize_variable_-_varErrorMessage": {
          "runAfter": {
            "Initialize_variable_-_varError": [
              "Succeeded"
            ]
          },
          "metadata": {
            "operationMetadataId": "21af5f1f-3ca8-4c7d-9b05-5c26191bae82"
          },
          "type": "InitializeVariable",
          "inputs": {
            "variables": [
              {
                "name": "varErrorMessage",
                "type": "string"
              }
            ]
          }
        },
        "Scope_-_Delete_-_Try": {
          "actions": {
            "Parse_JSON_-_Record": {
              "runAfter": {},
              "metadata": {
                "operationMetadataId": "9063605a-10de-46d1-b9d5-350e5db5095d"
              },
              "type": "ParseJson",
              "inputs": {
                "content": "@triggerBody()['text_2']",
                "schema": {
                  "type": "object",
                  "properties": {
                    "description": {
                      "type": "string"
                    },
                    "guid": {
                      "type": "string"
                    },
                    "high": {
                      "type": "integer"
                    },
                    "low": {
                      "type": "integer"
                    },
                    "name": {
                      "type": "string"
                    },
                    "schema": {
                      "type": "integer"
                    }
                  }
                }
              }
            },
            "Send_an_HTTP_request_to_SharePoint_-_Delete": {
              "runAfter": {
                "Parse_JSON_-_Record": [
                  "Succeeded"
                ]
              },
              "limit": {
                "timeout": "PT24S"
              },
              "metadata": {
                "operationMetadataId": "7969325d-4f93-4071-81e3-4bcd39966904"
              },
              "type": "OpenApiConnection",
              "inputs": {
                "host": {
                  "connectionName": "shared_sharepointonline",
                  "operationId": "HttpRequest",
                  "apiId": "/providers/Microsoft.PowerApps/apis/shared_sharepointonline"
                },
                "parameters": {
                  "dataset": "@triggerBody()['text']",
                  "parameters/method": "DELETE",
                  "parameters/uri": "/_api/web/roledefinitions/getbyname('@{body('Parse_JSON_-_Record')?['name']}')",
                  "parameters/headers": {
                    "accept": "application/json;odata=verbose",
                    "content-type": "application/json;odata=verbose"
                  }
                },
                "authentication": "@parameters('$authentication')",
                "retryPolicy": {
                  "type": "none"
                }
              }
            }
          },
          "runAfter": {
            "Initialize_variable_-_varErrorMessage": [
              "Succeeded"
            ]
          },
          "metadata": {
            "operationMetadataId": "58eb54ea-5b07-46c6-9497-706ad585fab7"
          },
          "type": "Scope"
        },
        "Scope_-_Delete_-_Catch": {
          "actions": {
            "Set_variable_-_varError": {
              "runAfter": {},
              "metadata": {
                "operationMetadataId": "3cc5fbb6-8b86-4cbd-8adc-ae9ae0f65296"
              },
              "type": "SetVariable",
              "inputs": {
                "name": "varError",
                "value": "@true"
              }
            },
            "Filter_array": {
              "runAfter": {
                "Set_variable_-_varError": [
                  "Succeeded"
                ]
              },
              "metadata": {
                "operationMetadataId": "3a332a0a-6204-4397-9cdb-857bc01df194"
              },
              "type": "Query",
              "inputs": {
                "from": "@result('Scope_-_Delete_-_Try')",
                "where": "@or(equals(item()?['Status'], 'Failed'), equals(item()?['Status'], 'TimedOut'))"
              }
            },
            "Set_variable_-_varErrorMessage": {
              "runAfter": {
                "Filter_array": [
                  "Succeeded"
                ]
              },
              "metadata": {
                "operationMetadataId": "a53f6d01-6f5e-48c5-822a-4c677bef85e6"
              },
              "type": "SetVariable",
              "inputs": {
                "name": "varErrorMessage",
                "value": "@{concat(first(body('Filter_array'))?['name'],'|#|',first(body('Filter_array'))?['code'])}"
              }
            }
          },
          "runAfter": {
            "Scope_-_Delete_-_Try": [
              "Failed",
              "TimedOut"
            ]
          },
          "metadata": {
            "operationMetadataId": "a445f61f-221d-48d0-93c5-421227df4b5b"
          },
          "type": "Scope"
        },
        "Scope_-_Delete_-_Finally": {
          "actions": {
            "Condition_-_varError": {
              "actions": {
                "Respond_to_a_PowerApp_or_flow_-_NOK": {
                  "runAfter": {},
                  "metadata": {
                    "operationMetadataId": "4876deca-2972-4376-8a66-0e32308993fd"
                  },
                  "type": "Response",
                  "kind": "PowerApp",
                  "inputs": {
                    "statusCode": 200,
                    "body": {
                      "response": "NOK",
                      "message": "@variables('varErrorMessage')"
                    },
                    "schema": {
                      "type": "object",
                      "properties": {
                        "response": {
                          "title": "Response",
                          "x-ms-dynamically-added": true,
                          "type": "string"
                        },
                        "message": {
                          "title": "Message",
                          "x-ms-dynamically-added": true,
                          "type": "string"
                        }
                      }
                    }
                  }
                }
              },
              "runAfter": {},
              "else": {
                "actions": {
                  "Respond_to_a_PowerApp_or_flow_-_OK": {
                    "runAfter": {},
                    "metadata": {
                      "operationMetadataId": "0b0a8783-e4b5-42e4-b844-8508698d1012"
                    },
                    "type": "Response",
                    "kind": "PowerApp",
                    "inputs": {
                      "statusCode": 200,
                      "body": {
                        "response": "OK",
                        "message": "-"
                      },
                      "schema": {
                        "type": "object",
                        "properties": {
                          "response": {
                            "title": "Response",
                            "x-ms-dynamically-added": true,
                            "type": "string"
                          },
                          "message": {
                            "title": "Message",
                            "x-ms-dynamically-added": true,
                            "type": "string"
                          }
                        }
                      }
                    }
                  }
                }
              },
              "expression": {
                "equals": [
                  "@variables('varError')",
                  "@true"
                ]
              },
              "metadata": {
                "operationMetadataId": "ae088e27-46a4-4a16-b337-d2f6d78e4d97"
              },
              "type": "If"
            }
          },
          "runAfter": {
            "Scope_-_Delete_-_Catch": [
              "Succeeded",
              "Failed",
              "Skipped",
              "TimedOut"
            ]
          },
          "metadata": {
            "operationMetadataId": "2ab7b27c-efd6-4dd9-8714-8085b1f34cc6"
          },
          "type": "Scope"
        }
      }
    },
    "templateName": ""
  },
  "schemaVersion": "1.0.0.0"
}