{
  "properties": {
    "connectionReferences": {
      "shared_sharepointonline": {
        "runtimeSource": "invoker",
        "connection": {
          "connectionReferenceLogicalName": "faf_SharePointSPOT"
        },
        "api": {
          "name": "shared_sharepointonline"
        }
      }
    },
    "definition": {
      "$schema": "https://schema.management.azure.com/providers/Microsoft.Logic/schemas/2016-06-01/workflowdefinition.json#",
      "contentVersion": "1.0.0.0",
      "parameters": {
        "$connections": {
          "defaultValue": {},
          "type": "Object"
        },
        "$authentication": {
          "defaultValue": {},
          "type": "SecureObject"
        }
      },
      "triggers": {
        "manual": {
          "metadata": {
            "operationMetadataId": "0674b5e1-53b8-4457-a43f-b7214650a3a9"
          },
          "type": "Request",
          "kind": "PowerAppV2",
          "inputs": {
            "schema": {
              "type": "object",
              "properties": {
                "text": {
                  "title": "siteurl",
                  "type": "string",
                  "x-ms-dynamically-added": true,
                  "description": "Please enter your input",
                  "x-ms-content-hint": "TEXT"
                },
                "text_1": {
                  "title": "schema",
                  "type": "string",
                  "x-ms-dynamically-added": true,
                  "description": "Please enter your input",
                  "x-ms-content-hint": "TEXT"
                },
                "text_2": {
                  "title": "record",
                  "type": "string",
                  "x-ms-dynamically-added": true,
                  "description": "Please enter your input",
                  "x-ms-content-hint": "TEXT"
                }
              },
              "required": [
                "text",
                "text_1",
                "text_2"
              ]
            }
          }
        }
      },
      "actions": {
        "Initialize_variable_-_varError": {
          "runAfter": {},
          "metadata": {
            "operationMetadataId": "39936115-07bf-44b6-b9ba-046cc1188e12"
          },
          "type": "InitializeVariable",
          "inputs": {
            "variables": [
              {
                "name": "varError",
                "type": "boolean",
                "value": "@false"
              }
            ]
          }
        },
        "Initialize_variable_-_varErrorMessage": {
          "runAfter": {
            "Initialize_variable_-_varError": [
              "Succeeded"
            ]
          },
          "metadata": {
            "operationMetadataId": "1d9475fe-1114-45f1-a22d-42a98e717daf"
          },
          "type": "InitializeVariable",
          "inputs": {
            "variables": [
              {
                "name": "varErrorMessage",
                "type": "string"
              }
            ]
          }
        },
        "Scope_-_Create_-_Try": {
          "actions": {
            "Parse_JSON_-_Record": {
              "runAfter": {},
              "metadata": {
                "operationMetadataId": "be29ee27-be6d-4983-a57a-5c44138073a0"
              },
              "type": "ParseJson",
              "inputs": {
                "content": "@triggerBody()['text_2']",
                "schema": {
                  "type": "object",
                  "properties": {
                    "description": {
                      "type": "string"
                    },
                    "displayname": {
                      "type": "string"
                    },
                    "guid": {
                      "type": "string"
                    },
                    "schema": {
                      "type": "integer"
                    }
                  }
                }
              }
            },
            "Send_an_HTTP_request_to_SharePoint_-_Create": {
              "runAfter": {
                "Parse_JSON_-_Record": [
                  "Succeeded"
                ]
              },
              "limit": {
                "timeout": "PT24S"
              },
              "metadata": {
                "operationMetadataId": "5857904b-a75c-4be3-8f37-b15f7090fdb7"
              },
              "type": "OpenApiConnection",
              "inputs": {
                "host": {
                  "connectionName": "shared_sharepointonline",
                  "operationId": "HttpRequest",
                  "apiId": "/providers/Microsoft.PowerApps/apis/shared_sharepointonline"
                },
                "parameters": {
                  "dataset": "@triggerBody()['text']",
                  "parameters/method": "POST",
                  "parameters/uri": "/_api/web/SiteGroups",
                  "parameters/body": "{\n  \"Description\": \"@{body('Parse_JSON_-_Record')?['description']}\",\n  \"Title\": \"@{body('Parse_JSON_-_Record')?['displayname']}\"\n}"
                },
                "authentication": "@parameters('$authentication')",
                "retryPolicy": {
                  "type": "none"
                }
              }
            }
          },
          "runAfter": {
            "Initialize_variable_-_varErrorMessage": [
              "Succeeded"
            ]
          },
          "metadata": {
            "operationMetadataId": "881dcee6-c867-4b89-812b-fdc3c62423e0"
          },
          "type": "Scope"
        },
        "Scope_-_Create_-_Catch": {
          "actions": {
            "Set_variable_-_varError": {
              "runAfter": {},
              "metadata": {
                "operationMetadataId": "0b2994b6-9408-427f-8fcd-231392a3c5bb"
              },
              "type": "SetVariable",
              "inputs": {
                "name": "varError",
                "value": "@true"
              }
            },
            "Filter_array": {
              "runAfter": {
                "Set_variable_-_varError": [
                  "Succeeded"
                ]
              },
              "metadata": {
                "operationMetadataId": "debcca03-b705-465c-b695-c50b0651ce71"
              },
              "type": "Query",
              "inputs": {
                "from": "@result('Scope_-_Create_-_Try')",
                "where": "@or(equals(item()?['Status'], 'Failed'), equals(item()?['Status'], 'TimedOut'))"
              }
            },
            "Set_variable_-_varErrorMessage": {
              "runAfter": {
                "Filter_array": [
                  "Succeeded"
                ]
              },
              "metadata": {
                "operationMetadataId": "c279ec9c-1f1f-4920-8c57-ad67135f84d4"
              },
              "type": "SetVariable",
              "inputs": {
                "name": "varErrorMessage",
                "value": "@{concat(first(body('Filter_array'))?['name'],'|#|',first(body('Filter_array'))?['code'])}"
              }
            }
          },
          "runAfter": {
            "Scope_-_Create_-_Try": [
              "Failed",
              "TimedOut"
            ]
          },
          "metadata": {
            "operationMetadataId": "9b07bc12-1b74-4d22-9b26-fb875e6000a0"
          },
          "type": "Scope"
        },
        "Scope_-_Create_-_Finally": {
          "actions": {
            "Condition_-_varError": {
              "actions": {
                "Respond_to_a_PowerApp_or_flow_-_NOK": {
                  "runAfter": {},
                  "metadata": {
                    "operationMetadataId": "bcdf860e-775c-4b34-a953-33d4c01ea3a0"
                  },
                  "type": "Response",
                  "kind": "PowerApp",
                  "inputs": {
                    "statusCode": 200,
                    "body": {
                      "response": "NOK",
                      "message": "@variables('varErrorMessage')"
                    },
                    "schema": {
                      "type": "object",
                      "properties": {
                        "response": {
                          "title": "Response",
                          "x-ms-dynamically-added": true,
                          "type": "string"
                        },
                        "message": {
                          "title": "Message",
                          "x-ms-dynamically-added": true,
                          "type": "string"
                        }
                      }
                    }
                  }
                }
              },
              "runAfter": {},
              "else": {
                "actions": {
                  "Respond_to_a_PowerApp_or_flow_-_OK": {
                    "runAfter": {},
                    "metadata": {
                      "operationMetadataId": "41c18dbb-20b3-45d5-b522-271267e989bb"
                    },
                    "type": "Response",
                    "kind": "PowerApp",
                    "inputs": {
                      "statusCode": 200,
                      "body": {
                        "response": "OK",
                        "message": "-"
                      },
                      "schema": {
                        "type": "object",
                        "properties": {
                          "response": {
                            "title": "Response",
                            "x-ms-dynamically-added": true,
                            "type": "string"
                          },
                          "message": {
                            "title": "Message",
                            "x-ms-dynamically-added": true,
                            "type": "string"
                          }
                        }
                      }
                    }
                  }
                }
              },
              "expression": {
                "equals": [
                  "@variables('varError')",
                  "@true"
                ]
              },
              "metadata": {
                "operationMetadataId": "6931fe32-a8eb-41ec-83af-3f6a3faa7f87"
              },
              "type": "If"
            }
          },
          "runAfter": {
            "Scope_-_Create_-_Catch": [
              "Succeeded",
              "Failed",
              "Skipped",
              "TimedOut"
            ]
          },
          "metadata": {
            "operationMetadataId": "377805c4-3333-4b19-b680-c6a0600f6c31"
          },
          "type": "Scope"
        }
      }
    },
    "templateName": ""
  },
  "schemaVersion": "1.0.0.0"
}