{"__Version":"0.1","App":"65ad917d-e1f4-4a26-b7c7-404fabd4af4f","Test_7F478737223C4B69":"1e081a87-919e-4443-9ca0-06190e9eb93a","Host":"974d2e1c-e3cb-40a4-b7bf-566b039dcc0e","PACo_Panel_A":"fe040d62-6c88-439b-9635-5e5d7d297d5c","html_Panel_A":"88793f12-3ae4-4efd-b5d7-52e748f4df03","shp_Panel_A_Area":"8ae71087-b169-456d-934b-962839e5947f","html_Panel_A_CommandBar_Visualization":"e679abbf-b4d9-43f5-ba0a-57968cda57dd","shp_Panel_A":"43a9d7bc-471c-442a-ae39-bb673d1dd840","shp_Panel_A_CommandBar_Visualization":"5bd64568-28b9-44e3-a571-72828d713620","cntr_Panel_A_CommandBar":"df26785e-c8b8-4a4b-9400-99349063dcb3","img_Panel_A_CommandBar_1":"3ef785c5-ede6-472f-b6d6-65717732a0ec","icn_Panel_A_CommandBar_1":"cabf367a-6a59-4d8d-bbf5-9d58dd49133c","lbl_Panel_A_CommandBar_1":"786b5b55-98e6-4048-9d35-7e93bec3eb17","img_Panel_A_CommandBar_2":"530a4c9d-8d3b-4837-8389-b94f2d93458b","icn_Panel_A_CommandBar_2":"153b7ea2-3b00-45ec-9e3a-10877891c8c8","lbl_Panel_A_CommandBar_2":"f097afac-b318-49b7-9e2d-02e485b019b3","gall_Panel_A":"b84beeb0-7cc8-46f8-b8b2-77d4fc2765aa","galleryTemplate2":"85060f74-3f94-474c-8e76-0302792d848b","lbl_Panel_A_Gall_Label":"0a6b72e1-d82f-4e08-abaf-090e9aa0b525","lbl_Panel_A_Gall_Text":"145c8386-a839-45cf-bafa-cc05a5dfbe88","cntr_Panel_A_Button":"bbf19026-771d-4bcb-aa53-195e37d3ec6a","btn_Panel_A_Button":"9dd0b6b9-6e60-4b7d-b73c-35e1d9ac5e10","icn_Panel_A_Button":"963f75a9-5af7-428f-8713-ba594f924f41","img_Panel_A_Button":"c32c435e-b0b7-420a-a4bc-5b4e83e167e7","lbl_Panel_A_Button":"1b8f8c14-b6aa-4862-998c-642cf32394a0","html_Panel_A_Button":"08ec85a6-e56b-4dbc-85b8-0fa2858fff23","html_Panel_A_CommandBar_1":"15f97da1-8cb4-480c-88ee-0eb4537fcb85","html_Panel_A_CommandBar_2":"9ed5e1c6-1cac-45ea-a2d1-2168ed227cbc","PACo_DetailsList_B":"d7fcd73b-ce1f-4901-bef1-5059596c4998","html_DetailsList_B_Visualization":"adf95b70-87c2-46b9-810a-bc0635df6bf3","shp_DetailsList_B_Visualization":"e5e12ec9-e2a0-44dc-aa93-3b6ac2efed6e","cntr_DetailsList_B_Main":"1d685356-e2b9-4524-9038-ff790f00bf81","cntr_DetailsList_B":"d57c45ee-75b4-45fe-bbe5-c77092746dfb","lbl_DetailsList_B_Header_1":"a81175fc-22f8-4878-ab3d-44d1e8d5b294","icn_DetailsList_B_Header_1":"fcd599c2-6dae-42ca-bb08-da64ecd7eb39","cb_DetailsList_B_Header":"2849c12d-1056-4a82-985d-5124d8769765","icn_DetailsList_B_Header_Sorting":"07650a7a-ec16-475f-b92e-2d9c7206bfda","lbl_DetailsList_B_Header_2":"8ac5719a-09b5-4ab2-b26e-bd359fca9462","icn_DetailsList_B_Header_2":"1d341825-2d93-4cad-ab45-8797fed6b53d","lbl_DetailsList_B_Header_3":"ddf7c68b-fe47-42dc-a30f-f7014f5a5f4f","icn_DetailsList_B_Header_3":"8dc263c5-c705-4238-9851-36f825be66b0","lbl_DetailsList_B_Header_4":"c5f34ace-9002-49fd-b9b7-9e65e4a50912","icn_DetailsList_B_Header_4":"240e83a2-9136-4562-b46b-2eeea9d36477","lbl_DetailsList_B_Header_5":"b13f732b-e63f-43d3-b678-8a959425669e","icn_DetailsList_B_Header_5":"56154c46-3dc3-4589-855e-6aece8c81ed3","lbl_DetailsList_B_Header_6":"4dae834b-208d-4dc4-b585-fdfd80ce2afc","icn_DetailsList_B_Header_6":"ea67a4cb-0022-4619-8ffb-332f0ba90aab","lbl_DetailsList_B_Header_7":"b2e3fecc-2bf8-4e84-907b-c42228f03326","icn_DetailsList_B_Header_7":"4f59356d-6003-4db5-9ca4-25067804238d","lbl_DetailsList_B_Header_8":"4d9b6ce8-dfdf-45ea-985d-e0fc05e1a53f","icn_DetailsList_B_Header_8":"a6fc8bef-b16d-4c5c-a29d-52e72ae5877c","lbl_DetailsList_B_Header_9":"bae94778-14be-4894-bde6-46c2a29c0b22","icn_DetailsList_B_Header_9":"8222ad47-31c3-4f49-97af-33f04f784d55","lbl_DetailsList_B_Header_10":"5fe4b3fe-151f-4b5b-ac4f-4ed8386f4931","icn_DetailsList_B_Header_10":"342abfe1-73bc-4fe5-80b4-c9616f0353ea","gall_DetailsList_B":"81ef1582-cc1a-43da-89ae-dca71e41be3f","galleryTemplate2_4":"248786bd-7e10-4b74-9353-a14ed09c6e79","lbl_DetailsList_B_Gall_1":"5d08ca7c-4780-4f40-9264-69b853b94beb","cb_DetailsList_B_Gall":"3992c960-ece8-4ca2-9b51-49b525b05986","lbl_DetailsList_B_Gall_2":"6490ff0a-3370-4ee1-bdca-1d27e2d350e7","lbl_DetailsList_B_Gall_3":"ae658b7b-c6a7-47f9-b459-303e8ee4fa65","lbl_DetailsList_B_Gall_4":"2b3254b2-8948-4999-a43d-8e230e3b4651","lbl_DetailsList_B_Gall_5":"ab5cc894-65dd-4e2e-bd3d-af1c775aafa4","lbl_DetailsList_B_Gall_6":"7fe62731-9667-4fda-8226-e96757b23e3e","lbl_DetailsList_B_Gall_7":"f990337e-5248-4610-9289-b3084e5fa785","lbl_DetailsList_B_Gall_8":"ac8710a6-8b86-46de-a900-00551df4c89c","lbl_DetailsList_B_Gall_9":"d44d25ee-08e6-46f3-9443-53f9825abca8","lbl_DetailsList_B_Gall_10":"9a7ab8f8-1b82-493b-80e0-d26d86909d52","shp_DetailsList_B_Gall_Divider":"3866214c-b805-4009-b7f1-1d676756a9b4","PACo_Dialog_A":"9fd453bc-dda9-48b7-af55-c3f4a19d981a","cntr_Dialog_A":"73e87153-8eef-4eb1-9048-a4a459da72e3","html_Dialog_A_Visualization":"cb8a8ff7-fc17-4dba-b1ba-27259456c2f7","shp_Dialog_A_Visualization":"e740a925-e1da-4048-8d6e-a03589bf15a9","shp_Dialog_A_Area":"1e7c2131-fcf4-4bf7-ae2f-2499feb36f12","lbl_Dialog_A_Title":"a55772cc-6e5d-4ef1-9cde-a1c246c93205","lbl_Dialog_A_Message":"b6c1fb2b-6e7a-42d6-8e5e-f5d89862650c","html_Dialog_A_Message":"43291120-cee9-4d00-9167-56ca5f8356d4","cntr_Dialog_A_Button_Last":"bc2eff9d-2373-496a-b4fb-a9e41a2cee0e","icn_Dialog_A_Button_Last":"a55f0975-6f23-4429-8051-862445b8912c","img_Dialog_A_Button_Last":"9719b66a-3bb3-4901-a27c-5bfb5da9c3d4","lbl_Dialog_A_Button_Last":"627ae6dc-376f-446b-8b6c-cb9a6235c6fe","btn_Dialog_A_Button_Last":"4158a28f-9862-4caf-8f46-c95fe8481f61","cntr_Dialog_A_Button_First":"5c482707-304a-42d3-a954-da8ff9379961","btn_Dialog_A_Button_First":"dc71f156-0305-4265-a946-51dce2269332","icn_Dialog_A_Button_First":"63134924-e497-42af-adb3-9eff8d3f6ccf","img_Dialog_A_Button_First":"dc8c9e66-7e49-4ea4-9108-cf07ad92064e","lbl_Dialog_A_Button_First":"001fd6d8-69e1-4d23-97c2-c3ba5334ca1b","html_Dialog_A_Button_First":"3220e40c-9453-4dc3-8386-418aaa12221f","html_Dialog_A_Button_Last":"735c0014-53bc-48f6-843b-71c3f79beb5a","PACo_Button_A":"f77a4e83-b14f-4a7e-9fbc-7aa2a273f070","cntr_Button_A":"20587f9f-cb5a-4c8e-958a-7c40a73aa250","btn_Button_A":"2e2f8aa5-4524-48e2-a282-7953ac2c8320","icn_Button_A":"0db2f7dd-8dc0-4003-836b-828e7d70ec7e","img_Button_A":"2cb2ba71-965b-4e6e-9c8a-2cf01cc3912b","lbl_Button_A":"ad3e2596-7ef3-49ac-8654-4e3bcea97a5e","html_Button_A":"922d37b0-104d-45e8-8451-0f0d4fbf4066","PACo_Visualization_A":"98946d06-a24c-4e29-bfce-e58b5feeb7f1","html_Elevation_A":"9750431e-0286-4414-9f56-c9eb82f0f0a5","shp_Elevation_A":"3f846f7c-7b54-4a28-8827-923a9fed3639","PACo_Spinner_A":"04da2ba7-3c2a-45b9-b11d-5567fdad790d","img_Spinner_A":"0dbe6ded-da76-4eab-8b1f-5f7871a38b23","lbl_Spinner_A":"27ac3a09-2cf8-4ac4-b2cb-ac56e2b62523","PACo_Header_A":"b9d5466d-c0ab-462a-afb5-fdaf4258d21b","html_Header_A_Visualization":"6ff5fe42-1776-4800-bc97-269ad99d66ac","lbl_Header_A":"d698ebba-6757-48dd-b825-38283dc30dd0","img_Header_A_Back":"ddd69956-c5ec-4d44-a67c-9cb32e2844c9","icn_Header_A_Back":"02bf58e3-a87e-4ed1-8968-154e1b4cc1f2","img_Header_A_Nav":"19c31a2a-ff7f-49a1-bf38-86ec712b0dc7","icn_Header_A_Nav":"bdd35506-f5f7-4181-ab4c-db77c9b52744","img_Header_A_Logo":"6f3b2c00-6076-401b-9640-a13c8ba4dfd0","icn_Header_A_Logo":"d07e2c36-d656-448f-99f3-c4ec213abe6e","img_Header_A_LanguagesMenu":"c910edac-9303-4f13-8fb7-e6a8b3e02b6c","icn_Header_A_LanguagesMenu":"077df7bc-a0a6-42f8-b6d1-0331aeef8308","img_Header_A_SettingsMenu":"abc2f4ea-7f32-4764-9c69-7b5475407e3b","icn_Header_A_SettingsMenu":"2ce425c3-3d5b-45ff-95f5-0a8ef43bbfa9","img_Header_A_Help":"cb526fe2-7ebb-49f9-981d-b147c31bcc0c","icn_Header_A_Help":"4733bf8b-88b2-49b7-872a-91f7abfb292e","shp_Header_A_Visualization":"1735bcfb-9d78-4e2b-bcf3-ac7973fd1b23","PACo_CommandBarMenu_A":"0455cf7b-6658-4aa1-8363-c1eb6f00ec20","html_CommandBarMenu_A_Visualization":"4acaf60a-583e-4203-b552-f2e19b0ff06c","shp_CommandBarMenu_A_Visualization":"5d4ad489-82ea-4664-ab90-5d1fd92cee26","gall_CommandBarMenu_A":"edfb57e7-9dc9-4318-998d-9a1b136e7f27","galleryTemplate1":"7338cd00-5466-4f30-b7f9-9896607a549a","img_CommandBarMenu_A_Gall":"efe4e7fd-fe2d-475e-9105-2f400314ddf6","icn_CommandBarMenu_A_Gall":"130811d3-bae8-435e-810b-010336e385ad","lbl_CommandBarMenu_A_Gall":"b0680d8b-e49c-463b-9738-7f276a9173e6","shp_CommandBarMenu_A_Gall_Divider":"dfef080c-2897-4d73-b121-5b6ebbd4fb73","PACo_CommandBar_B":"714103d7-8eae-485e-8982-34279aee9f9b","html_CommandBar_B_Visualization":"1611e788-4f7e-4091-8f17-207b97d1c716","shp_CommandBar_B_Visualization":"c600363e-9c7f-4cc8-977c-2343d99e8022","cntr_CommandBar_B":"387cacc0-e787-4b0f-aec7-4e0ba6f05384","img_CommandBar_B_1":"42d209c1-05ff-4821-8a3a-a26d55c207eb","icn_CommandBar_B_1":"a775f0be-1a25-4952-afb3-80bb1f67d38a","lbl_CommandBar_B_1":"7924e10d-e3f2-4673-9ec3-743cc2ba4d93","img_CommandBar_B_2":"c71066ec-4d34-4fb5-95f1-4dfd014f5e5f","lbl_CommandBar_B_2":"80fd822f-655c-42ba-b53d-2f30187a5fcd","icn_CommandBar_B_2":"1fb28d8b-7536-4731-8d35-2b5b6380e94e","img_CommandBar_B_3":"753a06b9-4ef2-43de-9801-d439ac53b2d1","lbl_CommandBar_B_3":"ab09e332-ecb5-4c54-b417-e27d337e8787","icn_CommandBar_B_3":"89ecde0e-b6a0-43c1-a73f-6c4f2b04202a","img_CommandBar_B_4":"6542fad2-aca9-4632-be1b-0f9dcf836f1d","lbl_CommandBar_B_4":"2e76bb6b-e3c6-4a62-a5a2-b027bebc0fe4","icn_CommandBar_B_4":"01b68f21-f921-4211-85c9-91a4483cc60f","img_CommandBar_B_5":"135d5748-85c1-489d-8423-6037f2756405","lbl_CommandBar_B_5":"24989145-44e2-450e-b539-42a60f0f9726","icn_CommandBar_B_5":"e4a3362c-a2c2-468a-88d9-a80ad68b5edc","img_CommandBar_B_6":"14f6ed1a-79c7-4f09-935d-ed5475b3f361","lbl_CommandBar_B_6":"eb6f88e5-3bab-42c1-97c2-6deec624dc69","icn_CommandBar_B_6":"7edd0c4f-f0c4-422a-96f7-cb9117a821b7","img_CommandBar_B_7":"0d88cec7-521b-4094-97f9-c361322ebb1e","lbl_CommandBar_B_7":"fab5a705-c792-41a6-a80d-ae39d2572d5b","icn_CommandBar_B_7":"edb978c6-5112-4ee2-baaf-16c6541a7742","img_CommandBar_B_8":"44b7084e-030c-4a43-a78e-0c06203c2429","lbl_CommandBar_B_8":"ef62f477-f37b-450d-b1c8-bc801c02ddc0","icn_CommandBar_B_8":"afcd7b45-4e7d-493d-9a95-37b6ecca3b5e","lbl_CommandBar_B_Menu":"1b34aea6-56f2-4cfd-8e21-fd2920f613da","icn_CommandBar_B_Menu":"230189e5-4499-46af-853c-f2c8055b1717","html_CommandBar_B_1":"97ca6e96-387d-4135-9c40-3a0e8c4d1d51","html_CommandBar_B_2":"757d4d94-e5f1-4f50-af5e-f6db06e96cad","html_CommandBar_B_3":"9d7dff34-d21c-4c13-9623-97a9e7c5813b","html_CommandBar_B_4":"af77ff20-0492-4e43-8621-d57884d93ca3","html_CommandBar_B_5":"6a5eeaf8-b6cf-485f-b8a1-ed4ad584a523","html_CommandBar_B_6":"9cab833c-4169-463c-8438-5f688124e605","html_CommandBar_B_7":"c8675b1d-315f-4c50-a3b1-4cb293f55846","html_CommandBar_B_8":"7757e14e-95b1-439e-9c34-83f67503279a","Home Screen":"1d97c4e3-be63-4392-bd3f-4f6e0e50d6f4","cntr_Home":"668564b7-014e-4440-9d77-a5f1c7879bf5","cmp_Home_Header":"33398bdf-dc17-460e-bc73-0d1a47498055","cmp_Home_Spinner":"e67c3275-1ace-4af8-a15b-aeddb512e26a","cmp_Home_CommandBar":"077f06b1-b0a0-4b4b-b5b9-b852c35b16de","cmp_Home_NoObjects":"c5b75f94-63b6-47b3-a934-9b6d7768730e","cmp_Home_DetailsList":"5114078c-0e1b-4c75-a2e7-00f6374dd637","lbl_Home_NoObjects":"b2aead5c-f08a-4bc1-bf5d-c91ec000977e","lbl_Home":"2a4e4e91-5b13-45c6-8544-87d108167f5e","btn_Home":"404fc19b-5a71-4242-8d7c-c1b723859aa2","btn_Start":"1ab25345-bf2d-49db-9a57-370764fa505d","Document Libraries Screen":"47c91228-f78f-47a6-ae5d-1b127cd1b65b","cntr_DocLibs":"e85fc68a-9dc2-4625-a0b6-3a1f4d5a707b","cmp_DocLibs_Header":"9533a782-d16e-4e86-8f14-177ffad9ac81","cmp_DocLibs_Dialog":"3602ecc9-7e43-4048-82fd-56da37527a39","cmp_DocLibs_Spinner":"531ab0d2-5c58-4388-a235-25b1b14ede86","cmp_DocLibs_CommandBar":"1293423d-4a6c-4626-b105-180f7037f82f","cmp_DocLibs_Panel":"489e6262-db97-4570-b2e8-43bb59c9f5ed","cntr_DocLibs_Form":"d85405c0-05c2-41f8-9db2-caab87021e1d","cmp_DocLibs_Form_Visualization":"e60f2b89-7222-46b5-a926-d4995f4bc710","cnvs_DocLibs_Form":"bacdf229-10b8-4084-9c9a-b58bcc7f7af7","dc_DocLibs_Form":"c1e075b1-e153-4c06-a527-ce354c949b1d","lbl_DocLibs_Form_Description_Label":"f1efb512-fb6f-4427-b70a-6e63fb1fb375","ti_DocLibs_Form_Description":"8c91c583-829c-4eb7-baa6-f86c79a52432","lbl_DocLibs_Form_Description_Error":"526c6a7a-524c-4ed4-86cc-542fe8b48188","lbl_DocLibs_Form_DisableGridEditing_Label":"6bd3b583-f147-464e-a623-cb714531e7ae","tggl_DocLibs_Form_DisableGridEditing":"daa795c0-7403-47bc-8725-d5be899e0dbb","lbl_DocLibs_Form_DisplayName_Label":"8720c274-7d31-4f72-9ded-f5db855394c6","ti_DocLibs_Form_DisplayName":"141a4ec8-9962-4143-99c0-3f9026e35012","lbl_DocLibs_Form_DisplayName_Error":"cc926022-3f2a-4ed7-9e4d-9756c1bf3254","lbl_DocLibs_Form_EnableFolderCreation_Label":"0932d968-43a9-4e9c-9769-8e04b7cec6da","tggl_DocLibs_Form_EnableFolderCreation":"3f090c9d-1762-4ac2-8fb3-2a4118b26dac","lbl_DocLibs_Form_Hidden_Label":"ec13d9b4-6321-46d7-9c14-58d293c9d1c5","tggl_DocLibs_Form_Hidden":"fb4a1b6b-12fa-44fa-bc8f-eef6ddbe529e","lbl_DocLibs_Form_InternalName_Label":"58b5597b-443f-47e9-9928-1fdc7b052284","ti_DocLibs_Form_InternalName":"7b395e08-a60e-4b71-9549-4629d860d172","lbl_DocLibs_Form_InternalName_Error":"b88f0bac-c7ad-4a29-929c-5d30a94b4609","lbl_DocLibs_Form_MajorVersionLimit_Label":"244a5e2a-6379-4232-a84d-3b46c7b77d24","ti_DocLibs_Form_MajorVersionLimit":"50b587de-f72f-4040-8272-b7306e092235","lbl_DocLibs_Form_MajorVersionLimit_Error":"baf2c335-0894-44c2-a060-baa4fe276323","lbl_DocLibs_Form_NoCrawl_Label":"64216436-eb4e-43f3-8183-5d334d8f6ff6","tggl_DocLibs_Form_NoCrawl":"e16b5f21-57aa-4db0-9b3c-26fcf4a0b2fd","lbl_DocLibs_Form_OnQuickLaunch_Label":"ce78d623-556f-47a0-b69f-dd056a6ca228","tggl_DocLibs_Form_OnQuickLaunch":"65efa491-cf31-4f36-839a-f26a7d11e1d2","btn_DocLibs_Form_Save":"5bdd49b9-b961-43f6-9cfb-60b7d59eeeac","btn_DocLibs_Form_Cancel":"fa510a5a-294c-4bb2-9036-61ba2000fccd","cmp_DocLibs_NoObjects":"47cfc61a-8cd1-4a30-bfbf-b9c395e9beb1","cmp_DocLibs_DetailsList":"6e01f1ac-0359-4ae8-96f6-93b43f4173b4","lbl_DocLibs_NoObjects":"fa7ed28b-b609-42ad-a711-f856cb2656c2","lbl_DocLibs":"893028b6-e47b-4480-a43e-e659bfdccb64","btn_DocLibs":"6e1d3a38-fbc3-41bc-9ae5-9c2c4b65a79d","Groups Screen":"0a43c00b-ae77-4a95-81a6-08e427d84272","cntr_Groups":"bdf85bd2-95b9-46ec-ba72-26264e8485e0","cmp_Groups_Header":"d15755de-2968-4d33-80b1-d72940f3dba6","cmp_Groups_Dialog":"899f4113-f610-48bd-9775-1435f676e040","cmp_Groups_Spinner":"2cfd9941-3a1c-4893-90d5-6f1802aae823","cmp_Groups_CommandBar":"34b1bc97-65e2-4b7e-affe-021873e8299f","cmp_Groups_Panel":"2a0be0d4-5aca-4095-874f-a533060776a6","cntr_Groups_Form":"a8240468-19ba-43ff-b582-dbe727436cbe","cmp_Groups_Form_Visualization":"75278dd3-3277-4165-9021-2a17269ca5b0","cnvs_Groups_Form":"1b1a8f9e-e61d-4e6d-9d09-57d56bf17c6e","dc_Groups_Form":"f2e17aa9-2f66-43f0-b782-1bc2aad61f7e","lbl_Groups_Form_Description_Label":"7cf308fa-ed87-4db9-a3d6-e3e9fe8f03e5","ti_Groups_Form_Description":"a32be582-8616-456c-9fdb-fcd333cf8fbd","lbl_Groups_Form_Description_Error":"9b5de07f-e6e1-4cfc-9276-aa069171af85","lbl_Groups_Form_DisplayName_Label":"aac24cee-f4ae-498b-87ca-22721db5e73a","ti_Groups_Form_DisplayName":"d4b6979d-2bd5-4f3d-9823-3b486a3f525b","lbl_Groups_Form_DisplayName_Error":"1b596eab-82bb-47b3-9322-60fd5f747075","btn_Groups_Form_Save":"22f117be-4e10-4eb4-97ac-3f8ad4f1f40f","btn_Groups_Form_Cancel":"455a3490-6c86-485d-a52b-e6f7941b336c","cmp_Groups_NoObjects":"a45ff3a9-00ad-4a9e-841d-3a294d789af6","cmp_Groups_DetailsList":"3a7f9eb3-ab37-4811-86ba-b5afe67dafb9","lbl_Groups_NoObjects":"8841ff39-451e-48c1-863d-86b5bfbede90","lbl_Groups":"7843a746-6db2-4183-9976-b5d4286ed26a","btn_Groups":"23cce116-1d81-4821-b4f0-9a80b6040b36","Permission Levels Screen":"14ebcc4a-f707-47e1-9635-3b8a6b0affd6","cntr_PLs":"830fe385-78ed-4d3f-9607-17fb9f162757","cmp_PLs_Header":"d0450150-34c8-4090-888b-feb5e3d1946b","cmp_PLs_Dialog":"5f6fc56f-0bfb-429a-a4ba-73308ff70ab6","cmp_PLs_Spinner":"7f6dc6e2-f201-4870-847f-22a693062fc6","cmp_PLs_CommandBar":"54f19904-cfb2-48bf-abc6-e69977c02e91","cmp_PLs_Panel":"b3b8309f-fd71-4bb6-ae86-58dd7cfe5c24","cntr_PLs_Form":"ab3ed565-4d25-4a84-a2e1-ce08f374eee7","cmp_PLs_Form_Visualization":"f88ee67e-16de-4d53-960a-8ccebcba817f","cnvs_PLs_Form":"100a4fa1-8902-4c45-93ca-13bf06e42d7c","dc_PLs_Form":"7e771c86-25d5-445b-be18-db25ca576b84","lbl_PLs_Form_Description_Label":"a510f550-c67a-48ce-a39c-e3b29e37c38a","ti_PLs_Form_Description":"220c4a34-122c-4042-b58c-20fd6c0cc59f","lbl_PLs_Form_Description_Error":"99f71887-405b-4851-9317-9749e2227448","lbl_PLs_Form_Name_Label":"a66a7989-fb59-4e65-8967-c02ffd22e0b0","ti_PLs_Form_Name":"43dfd7cb-00f5-42b7-b93f-a02aff68e779","lbl_PLs_Form_Name_Error":"b54b0d77-fb59-4e28-9216-f37aa9d8c5db","lbl_PLs_Form_PermissionLevel_Label":"633d3849-555e-4df8-84db-030acffbe3de","dd_PLs_Form_PermissionLevel":"dbec320a-f871-423e-bc20-9a17996202a7","btn_PLs_Form_Save":"3cce5bce-6902-4722-91ec-0b8aee05998e","btn_PLs_Form_Cancel":"03af9e5f-990c-462a-9c09-76a9366aab13","cmp_PLs_NoObjects":"e895fb18-6bfb-4134-b300-ab6e68f5f3e6","cmp_PLs_DetailsList":"261c2d1c-06b6-452e-a77c-67d2c094e720","lbl_PLs_NoObjects":"10b86453-fa52-40d0-a2e6-6fea21ec9198","lbl_PLs":"a87bb3bc-42ca-4680-b20e-bf2b2e33643d","btn_PLs":"bc4db202-ab70-4701-9927-094c2329be8b","Lists Screen":"e4e6fdb7-8ccb-42de-a5ff-a84f5013e6f5","cntr_Lists":"f2bd85bd-a9f5-4a5a-95e5-89910f0cbd8e","cmp_Lists_Header":"cbf3e255-8b49-4e6e-a345-11f1e058c6cc","cmp_Lists_Dialog":"7084b9b9-7fb5-4e27-83b9-193665eaa418","cmp_Lists_Spinner":"e6d2b6ff-c5e6-47e6-9ffe-83161173b1db","cmp_Lists_CommandBar":"05554303-2e1b-4674-8e9c-ef79b5a8253d","cmp_Lists_Panel":"f2c3d6e0-b026-4451-8774-6772ac916539","cntr_Lists_Form":"d4754a71-8c20-4a4c-9dbb-825fd13dc55a","cmp_Lists_Form_Visualization":"f8fe10cb-08f9-43f8-acea-ccc95b6b1071","cnvs_Lists_Form":"937b5891-f70a-457b-9512-688e61561372","dc_Lists_Form":"1c15a84c-2f79-4c47-9bfe-263bd8b6e0c5","lbl_Lists_Form_Description_Label":"07b8054d-6c9b-416e-9b51-20932c44c0f0","ti_Lists_Form_Description":"f40cd655-73c0-46a5-8d46-be0334805cef","lbl_Lists_Form_Description_Error":"352df10d-ac38-4800-8c01-9c9876b07324","lbl_Lists_Form_DisableCommenting_Label":"f3dc65f8-ab6e-4c9f-b295-b0ce449cdb9b","tggl_Lists_Form_DisableCommenting":"9e2ddfc3-fda0-4e08-8cbf-9f608f0c8b39","lbl_Lists_Form_DisableGridEditing_Label":"2a4a8b8c-3d8c-407d-a7a7-c6669408a669","tggl_Lists_Form_DisableGridEditing":"5f7414c3-1d05-4471-93af-2559faf84cb8","lbl_Lists_Form_DisplayName_Label":"4a089895-f473-41b7-8357-2cb1f77a7363","ti_Lists_Form_DisplayName":"dc0e1f85-f336-498b-b9ac-50c83eeaf318","lbl_Lists_Form_DisplayName_Error":"8718f9c5-cbc5-41e0-8498-199d180e7446","lbl_Lists_Form_EnableAttachments_Label":"582e0531-6104-4561-8844-55aa71094759","tggl_Lists_Form_EnableAttachments":"220e064b-b10d-4287-85d5-95080a2b17b7","lbl_Lists_Form_EnableFolderCreation_Label":"a059f3b9-9001-465b-bb16-bcaed5e0d3a4","tggl_Lists_Form_EnableFolderCreation":"0d4e3a0c-9d62-4ce6-a75d-466384311e57","lbl_Lists_Form_Hidden_Label":"8ffa5ad8-a2bb-4562-8377-2b386c3a7c2b","tggl_Lists_Form_Hidden":"0db577c7-8265-48dc-a25c-bd7e3036cdf6","lbl_Lists_Form_InternalName_Label":"48844304-c73a-4d6a-9511-833e5b8e4db5","ti_Lists_Form_InternalName":"a0ef99ee-cf1d-4861-9e19-4b1bed7df3ff","lbl_Lists_Form_InternalName_Error":"82c8745f-d1b5-444b-999d-b3aab4807922","lbl_Lists_Form_MajorVersionLimit_Label":"633abea2-9ae1-4e53-90a4-384e72a107cd","ti_Lists_Form_MajorVersionLimit":"826c003d-547f-42d7-b913-be30eaee5f9f","lbl_Lists_Form_MajorVersionLimit_Error":"262029c8-dd18-48b3-be93-6fae46f991c9","lbl_Lists_Form_NoCrawl_Label":"4aec3e33-6c9a-4e71-b6b8-899171f0cfa2","tggl_Lists_Form_NoCrawl":"c201c22c-687b-469e-b3d0-2f1b2d012a75","lbl_Lists_Form_OnQuickLaunch_Label":"970343c6-fb0e-4e2f-a107-0ddaa16e5c07","tggl_Lists_Form_OnQuickLaunch":"7fa0f281-2f38-49fb-a388-e6e63b931244","btn_Lists_Form_Save":"d930523e-d6f2-4f5d-860f-696a794a510c","btn_Lists_Form_Cancel":"f1c72a2b-a069-4578-84dc-d5757e92404f","cmp_Lists_NoObjects":"875389f4-a45f-423a-9ed2-965112532965","cmp_Lists_DetailsList":"848b12c4-57de-4cbf-a00f-9a7d2b402111","lbl_Lists_NoObjects":"89b8c6a5-9355-4660-b302-54be75767b04","lbl_Lists":"bb77d442-a0f2-4642-9e46-2ca84f2edfeb","btn_Lists":"922255fd-22d8-4f27-8594-cceb1388b5a7","Export Screen":"f8871676-1ad2-4744-ab0a-1ceb645a59f1","cntr_Export":"f4529a5a-0989-45b2-a4ce-7983835af768","cmp_Export_Header":"7413f59f-1676-428d-ae60-4834f0a52081","cmp_Export_Spinner":"7b1fd4cd-e6f4-4769-b515-54a454577817","cmp_Export_Definition_Visualization":"aadbbfb5-b96e-4368-bf13-a36b78afeb20","lbl_Export_Definition_Label":"9cdf0abc-0e66-4ca6-a9c8-04c807750bc9","lbl_Export_Definition_Version":"1f3fa606-211e-4270-82f3-43ab097f6429","lbl_Export_Definition":"d92abddb-241e-48d1-8718-3e271f3d4c72","cmp_Export_DeploymentPackage_Visualization":"c74fb030-70df-4267-81c0-8bb4702d4060","lbl_Export_DeploymentPackage_Label":"8e8e7d0c-e041-4080-87a3-ed78751cb41f","lbl_Export_DeploymentPackage":"64601b53-1816-40be-8b86-8f09c25dd372","lbl_Export":"3531483c-2eec-4200-9896-bdb3b22219d6","btn_Export":"29ce1335-39ba-4744-b440-ad2c4a06a44c","Restart Screen":"ffe33f4a-b72e-478e-b184-23b621617f7e","btn_Restart":"01f4597f-4856-4278-a123-178da44c7076","Import Screen":"e323febe-789d-4aea-8b24-45a53a29f6e6","cntr_Import":"eff03f35-feb1-4d1a-9835-694ae5422cc9","cmp_Import_Header":"e123c2b4-c725-4130-8ba6-e653857a4263","cmp_Import_Dialog":"39d050f3-7f7f-4b83-948f-14c509d1fac7","cmp_Import_Spinner":"5160865a-429b-49e1-b532-4eb1eb5baf64","cmp_Import_Visualization":"9c8038c4-052e-4a38-9641-4428c261e881","ti_Import":"ac3aa8c9-c0f8-416f-9cc3-0a0d2d970f5f","cmp_Import_Button":"7387d3d3-0c63-4900-9dae-c23c1115c766","lbl_Import":"add710dd-96e1-40d6-aeec-bbec9adb2c93","btn_Import":"47f7dd35-4839-4882-b54b-c803872ca02b","Columns Screen":"ba3bf27a-b55d-4365-9678-884eab003482","cntr_Columns":"6aad3cbb-71e5-48e2-b8bc-1b167f9b067d","cmp_Columns_Header":"00929dc5-1745-41e9-8ff2-78aa8e6fefd9","cmp_Columns_Dialog":"488d12fd-ef33-4058-be7b-5d3445bff315","cmp_Columns_Spinner":"1911e331-2fa7-48a8-87a2-756e51445756","cntr_Columns_List":"cf057644-9fbc-498f-beba-42c9953b1840","cmp_Columns_List_Visualization":"f7d07b06-2318-49da-ad51-346fb5daccdb","lbl_Columns_List":"ee5d7f82-6c46-4680-98d0-9e333d91aad0","cmp_Columns_Panel":"1bcd4767-f312-4b56-b831-4fd3860b472f","cntr_Columns_Form":"b84d7d9b-f549-4c26-824a-fefdd3ac16be","cmp_Columns_Form_Visualization":"61ec3cdb-47b6-4039-bf25-13ee604522c5","cnvs_Columns_Form":"7cf45399-65bb-43db-922e-e91df5969837","dc_Columns_Form":"f581143f-18f7-404a-b644-162172a0c558","lbl_Columns_Form_ColumnType_Label":"dcb36703-7aaf-4340-8132-0b3e7e84a712","dd_Columns_Form_ColumnType":"81dea3c2-c3bd-4235-8821-e7e76f990497","lbl_Columns_Form_Description_Label":"5247c6a3-4a26-4d8e-8c99-03fbe3e37b40","ti_Columns_Form_Description":"3ecf12d5-874f-496d-9d22-a65d4cc06143","lbl_Columns_Form_Description_Error":"a871414b-3c71-4f42-b097-e0a2e03be118","lbl_Columns_Form_DisplayName_Label":"3557c63b-0844-4d49-b8b0-e751c37e9c22","ti_Columns_Form_DisplayName":"a261b606-d10c-45e9-97c5-306d15001c38","lbl_Columns_Form_DisplayName_Error":"7149ef6a-a000-4e29-b884-4309223b53f3","lbl_Columns_Form_InternalName_Label":"f33f162d-5989-4894-9672-51e988a4dba5","ti_Columns_Form_InternalName":"02ab89a5-525e-443e-8da5-b31aa9136f34","lbl_Columns_Form_InternalName_Error":"c44fbeb1-a3d1-4381-b887-d3d247380ac0","cntr_Columns_Form_ColumnType_MLoTEnhancedRichText":"2d9e17a8-f85f-4553-81b0-af2e3a50793b","lbl_Columns_Form_ColumnType_MLoTEnhancedRichText_AppendChanges_Label":"30fac661-587a-494b-914c-ea2471996eaf","tggl_Columns_Form_ColumnType_MLoTEnhancedRichText_AppendChanges":"f87a70fe-06e4-4f6a-b333-7f94f51c98e6","lbl_Columns_Form_ColumnType_MLoTEnhancedRichText_NumberOfLines_Label":"f06cd0f8-0d34-4e9c-b979-e8aac773acbc","ti_Columns_Form_ColumnType_MLoTEnhancedRichText_NumberOfLines":"f94e1ed3-debb-4859-9d46-81b67e17df50","lbl_Columns_Form_ColumnType_MLoTEnhancedRichText_RequireData_Label":"bb8eac73-a786-40dc-939e-dffedd6d500b","tggl_Columns_Form_ColumnType_MLoTEnhancedRichText_RequireData":"471d023d-6133-49f2-a614-5df15566e84e","cntr_Columns_Form_ColumnType_MLoTPlain":"4679bc76-3fb0-41fa-bc83-77808a5acfe4","lbl_Columns_Form_ColumnType_MLoTPlain_AppendChanges_Label":"54c56c18-48e1-4ee8-acea-fa544448d83c","tggl_Columns_Form_ColumnType_MLoTPlain_AppendChanges":"b73c3644-f438-4931-b50b-7a6c97c80454","lbl_Columns_Form_ColumnType_MLoTPlain_NumberOfLines_Label":"b3dde672-cb8e-4101-8edd-aed8cba1a55f","ti_Columns_Form_ColumnType_MLoTPlain_NumberOfLines":"53383e12-8d0d-437e-8ed2-53ada26c5657","lbl_Columns_Form_ColumnType_MLoTPlain_RequireData_Label":"dd1f7793-b9e1-4f4a-826d-341c15024e03","tggl_Columns_Form_ColumnType_MLoTPlain_RequireData":"66821104-7793-4e86-ba98-350971a6fd9a","cntr_Columns_Form_ColumnType_MLoTRichText":"afe9a96d-e779-4b1b-9d68-379a35f10c40","lbl_Columns_Form_ColumnType_MLoTRichText_AppendChanges_Label":"6548104d-fe19-4ea8-a5b7-21fb289266c0","tggl_Columns_Form_ColumnType_MLoTRichText_AppendChanges":"2d882480-ccb9-4c5c-bac3-6753a54e12fb","lbl_Columns_Form_ColumnType_MLoTRichText_NumberOfLines_Label":"0df16a4f-c22c-4a2d-8785-465ec4fab2a2","ti_Columns_Form_ColumnType_MLoTRichText_NumberOfLines":"7a7624c6-5ebb-46e7-919b-3eb6aaf34f29","lbl_Columns_Form_ColumnType_MLoTRichText_RequireData_Label":"88e8d35a-c791-4964-ae37-c70d982f1df5","tggl_Columns_Form_ColumnType_MLoTRichText_RequireData":"3bcf6f98-8aab-4de9-bdb9-4f4a6ebe6b0a","cntr_Columns_Form_ColumnType_Number":"da189df9-a5c0-4c07-bdf7-e32604bfe136","lbl_Columns_Form_ColumnType_Number_DefaultValue_Label":"962e3b91-f3ee-4fc4-8dbc-8341b920d246","ti_Columns_Form_ColumnType_Number_DefaultValue":"ba956427-f619-4fa7-be29-8cc6c2007573","lbl_Columns_Form_ColumnType_Number_UniqueValues_Label":"1d04ccf2-237c-4092-9617-d2ccdd68c059","tggl_Columns_Form_ColumnType_Number_UniqueValues":"f3f585be-7e72-4ef3-8e11-0026aa770571","lbl_Columns_Form_ColumnType_Number_MaxValue_Label":"bfe9fca7-f222-45e1-9a09-9f69ec047471","ti_Columns_Form_ColumnType_Number_MaxValue":"be5a1aff-4e5e-4d6a-b6b9-1d2843e9984e","lbl_Columns_Form_ColumnType_Number_MinValue_Label":"7eb22afd-347a-4511-9d59-c317aeb652d9","ti_Columns_Form_ColumnType_Number_MinValue":"91c5e485-4041-49bc-b2cd-8029d0e68db4","lbl_Columns_Form_ColumnType_Number_NumberOfDecimalPlaces_Label":"4c338984-e156-49f2-881d-e1c9b8c01ec1","ti_Columns_Form_ColumnType_Number_NumberOfDecimalPlaces":"1248c43e-dcc8-4c50-9249-057faaeda1c5","lbl_Columns_Form_ColumnType_Number_RequireData_Label":"e24292fa-3886-480a-9461-b1af9ac98ceb","tggl_Columns_Form_ColumnType_Number_RequireData":"5696f390-b13f-47c6-88ec-87f9124184c2","cntr_Columns_Form_ColumnType_SLoT":"8f8c83da-b805-417e-8156-308876ac04f7","lbl_Columns_Form_ColumnType_SLoT_DefaultValue_Label":"6c165bce-cfb3-4071-b01b-8a4d12de89b8","ti_Columns_Form_ColumnType_SLoT_DefaultValue":"756df97d-1a12-4844-9cad-b57c1be3f134","lbl_Columns_Form_ColumnType_SLoT_UniqueValues_Label":"69063622-04e0-4151-a5eb-e349375ce74e","tggl_Columns_Form_ColumnType_SLoT_UniqueValues":"8e96999d-3182-4eb7-9b51-253197495435","lbl_Columns_Form_ColumnType_SLoT_MaxNumberOfChar_Label":"db6c76b2-fa25-4546-a5c8-5e3e14f5581e","ti_Columns_Form_ColumnType_SLoT_MaxNumberOfChar":"26389f62-7c89-4b92-a595-08b86433bb9d","lbl_Columns_Form_ColumnType_SLoT_MaxNumberOfChar_Error":"3e0abd22-6f41-4b6e-b76c-aa306806e38a","lbl_Columns_Form_ColumnType_SLoT_RequireData_Label":"648aacae-d2b8-4a80-8376-682301c49ea8","tggl_Columns_Form_ColumnType_SLoT_RequireData":"94f064b0-581f-491e-8622-6c255ba425df","btn_Columns_Form_Save":"0eabcc7c-3b1c-4966-9417-e23b351cfd7a","btn_Columns_Form_Cancel":"6f5ed968-8343-4e6f-8410-333000fd84a0","cmp_Columns_CommandBar":"2e7232a8-93e6-4eb2-82ac-236d79ccbb27","cmp_Columns_NoObjects":"501ba974-09b9-41f1-b776-23b3436c0e6f","cmp_Columns_DetailsList":"0d9f13a9-a059-4f5e-97b8-2f06a3248099","lbl_Columns_NoObjects":"f7c23693-286f-4055-9a97-b99f964e2710","lbl_Columns":"28e3da22-f2e7-4750-9666-244ea8817542","btn_Columns":"141491db-3f2a-4af3-bbec-dc6aec808a83","Permissions Screen":"619073a5-a287-4f12-8a0a-adaaa0984e2e","cntr_Permissions":"9f2f88f5-9ce2-4e42-afd1-5cc8d1db8e6f","cmp_Permissions_Header":"e5568214-7f07-4c8c-b70b-47564d66ba94","cmp_Permissions_Dialog":"383f54a7-9139-4631-8807-3949349d8d0c","cmp_Permissions_Spinner":"32613b4e-2efa-4131-9b5f-4653d3c4e229","cntr_Permissions_List":"3b0c18fa-c7ac-416e-800b-ceb5feef48a6","cmp_Permissions_List_Visualization":"24bbc384-1f0e-4734-957a-62ceeb332fb1","lbl_Permissions_List":"ff92321f-64d6-4ef8-80af-afd0072229de","cmp_Permissions_Panel":"8e9db832-ea51-47a8-a43e-3fb34d2088f8","cntr_Permissions_Form":"e7e9ada4-9844-43ca-8b04-d9016d33cfa6","cmp_Permissions_Form_Visualization":"b74de176-10bf-46c6-8209-04fd20a1d847","cnvs_Permissions_Form":"27300469-d6f0-46e9-a21b-2b98cf6b6514","dc_Permissions_Form":"4c444c07-cb57-4924-8f5b-a0034cbb73fc","lbl_Permissions_Form_Group_Label":"d316881d-d0f7-4546-8429-a3aa25bb809a","dd_Permissions_Form_Group":"95922c3a-0aab-41b6-af6c-15c2ad316e39","lbl_Permissions_Form_PermissionLevel_Label":"1e3587a6-9f3b-469b-948b-2d4a96fc9b8b","dd_Permissions_Form_PermissionLevel":"a1969ce4-a88b-49f7-80ca-9ec9fc93aeda","btn_Permissions_Form_Save":"b98d88a0-ff02-4c3a-952a-88a07d1de1a3","btn_Permissions_Form_Cancel":"2ca84463-a32a-4ee3-b909-637237ff5271","cmp_Permissions_CommandBar":"a1bec1df-8070-4833-8f09-050f31b418a5","cmp_Permissions_NoObjects":"3f4aea9e-ab10-4664-9a73-f944dd3f1d8b","cmp_Permissions_DetailsList":"229d8932-0100-46c4-8f06-b95ac6dc97cf","lbl_Permissions_NoObjects":"9e425e75-faa9-4204-bd4c-6b5b76f8741c","lbl_Permissions":"9086e9e1-4467-4f66-99ca-3a25eaa5a142","btn_Permissions":"9b3a3282-0b0d-4cd0-925d-26d7f02472be","Views Screen":"c14bbcd4-22e0-431b-8b45-d80bc5c6ddf1","cntr_Views":"26333902-1ed0-4685-9129-84755d062398","cmp_Views_Header":"d51a26ee-dfbf-436b-8037-f044525da6bc","cmp_Views_Dialog":"1e2a8286-6d12-4bfc-98aa-a9a827ec4179","cmp_Views_Spinner":"8af4470b-2836-4e02-a043-db812dcad4ea","cntr_Views_List":"edadee2b-bb81-4133-b619-7293068ad559","cmp_Views_List_Visualization":"8407671f-cc0b-45fc-9be8-129cec3e637a","lbl_Views_List":"67f30930-25d2-433c-84b3-86dd2c375af8","cmp_Views_Panel":"cb089abb-5bd1-448a-ac34-5175ebddc58f","cntr_Views_Form":"de3c8af8-514d-45de-a863-0457ce5e0244","cmp_Views_Form_Visualization":"3217832d-4d58-405d-99cf-e9b58e81806e","cnvs_Views_Form":"d3084d21-c87f-4e73-8056-636cd87477f2","dc_Views_Form":"8b862656-a0da-4dad-a12a-6b67cf7224e2","lbl_Views_Form_Columns_Label":"2a1b8ee6-09fd-4411-94f2-e0248c8f8591","ti_Views_Form_Columns":"0c24e1aa-568d-4f3f-aa09-37525d0f557c","lbl_Views_Form_Columns_Error":"051aad9b-5759-41c7-ad37-f0e59ef51392","lbl_Views_Form_DisplayName_Label":"b685f6c9-5a79-44f1-8bb2-8ebeb36fd341","ti_Views_Form_DisplayName":"5320ab09-12e4-4651-b86e-6358e4b15621","lbl_Views_Form_DisplayName_Error":"bbf25be3-3046-4fa3-a274-17e9d80194b1","lbl_Views_Form_Query_Label":"c2eb0a30-a6da-4eb6-9267-bf237f97286d","ti_Views_Form_Query":"cd23b524-f806-4ecf-97af-c8a13c8392ea","lbl_Views_Form_Query_Error":"ffa999ea-ce63-449a-b032-7fb469458cc1","btn_Views_Form_Save":"d528e1ce-ede3-4055-8bf0-4ccd5aa89fa3","btn_Views_Form_Cancel":"c2be9e04-c1a9-42fc-8c45-36c7a00e8f80","cmp_Views_CommandBar":"642ad372-dead-42f6-892d-781c625d60c5","cmp_Views_NoObjects":"cc7e6fa7-cd35-4240-aa8a-c3ef9ca496dc","cmp_Views_DetailsList":"b373a28b-3221-4b08-88c7-4964c6080bb8","lbl_Views_NoObjects":"def110e0-3c99-47b2-a9e5-936308efcf89","lbl_Views":"afc057f3-9c64-47fd-a97c-fd5e520ff4f0","btn_Views":"3e402ce9-d80e-43a7-b36f-cc3a6c0e27ba"}