{"__Version":"0.1","App":"bff80d1c-3b62-40dc-a90b-a08f74103531","Test_7F478737223C4B69":"944600da-9810-4d80-ba89-4aa95373df3c","Host":"3b20ed95-7f60-4a5a-9c26-200e9b37812a","PACo_Panel_A":"6f433c6c-7851-4aaf-8cd9-3f9f0fa763b6","html_Panel_A":"83ad77cc-7308-4080-b24b-1cdad0fb4ad9","shp_Panel_A_Area":"aad08f4a-1ac7-4da0-8d75-bc2e4cfe6020","html_Panel_A_CommandBar_Visualization":"f00e1329-6c54-44b6-9d98-df01b7a384b7","shp_Panel_A":"ec8d554d-d4e8-454a-a121-301f2d519f44","shp_Panel_A_CommandBar_Visualization":"033a9e56-e10b-445f-b3c6-fb83e33aa0c6","cntr_Panel_A_CommandBar":"72c23ab7-2c63-4e95-9bc1-2da537a6793f","img_Panel_A_CommandBar_1":"b9437dbf-4837-4f80-93c4-b9cedcaa03df","icn_Panel_A_CommandBar_1":"fe62db79-d27b-4f08-97c0-bf71d442d809","lbl_Panel_A_CommandBar_1":"aab37645-9494-432e-82a0-4697c005bea4","img_Panel_A_CommandBar_2":"7348728b-7691-49d1-aaa0-8a4e215a684a","icn_Panel_A_CommandBar_2":"29eef828-684d-4f00-820b-7d12e32af8f1","lbl_Panel_A_CommandBar_2":"5a02397d-a5d0-4fd0-be09-37fcdddc318f","gall_Panel_A":"72670add-2293-4b43-a977-249f91c81a49","galleryTemplate2":"f0f8d990-1fb7-45b1-9b86-84d2617a68fb","lbl_Panel_A_Gall_Label":"db38fc05-a1d0-482f-892f-c86e8844e64a","lbl_Panel_A_Gall_Text":"b3a403fa-5dd3-46ff-9f95-4329d5a38cc8","cntr_Panel_A_Button":"4d8882d2-66be-465d-a29c-9e282a65e2e0","btn_Panel_A_Button":"cdd19cfd-edd7-4bfc-a316-926726aac3a5","icn_Panel_A_Button":"c39b791b-451e-455e-b0d4-e5355d71f3bf","img_Panel_A_Button":"7ab5b0ac-f2ec-44ea-9f88-3256e69693c9","lbl_Panel_A_Button":"fa717194-02ff-4863-a9f8-7b5bff61a818","html_Panel_A_Button":"86864ab4-2a85-408d-aade-9ef402578a2f","html_Panel_A_CommandBar_1":"b7b4329d-d096-4938-976d-3d24b91fbdab","html_Panel_A_CommandBar_2":"54411efc-5ddd-4551-9e1d-44adbeb5ace8","PACo_DetailsList_B":"8b9dcdc0-4ea3-4f2e-b8a4-842f9b8b14b7","html_DetailsList_B_Visualization":"1b8f9761-e0cb-4cd2-b84c-5ec33c394ac9","shp_DetailsList_B_Visualization":"671f8c62-6631-43eb-889d-f20192213bb0","cntr_DetailsList_B_Main":"ae42aeb4-7998-46c4-8bae-5c14546a3ff7","cntr_DetailsList_B":"7cbabe5e-de03-4fd3-8714-599c0843badc","lbl_DetailsList_B_Header_1":"3ef45d94-c0f6-4ad8-8fac-e90d85a6071d","icn_DetailsList_B_Header_1":"66c99d75-1ad9-439f-8e90-83e703c2d07c","cb_DetailsList_B_Header":"bca48327-0e27-48e6-a376-a197840c2075","icn_DetailsList_B_Header_Sorting":"2aea3aa1-6a71-4281-865e-6095b94c60ea","lbl_DetailsList_B_Header_2":"35099dba-3056-4af0-8a5e-7c692a176a26","icn_DetailsList_B_Header_2":"0023781d-05f5-44f0-bd66-d2b304bc9634","lbl_DetailsList_B_Header_3":"7ccc4dcb-d33c-4662-b4c8-3d2a8790f3bd","icn_DetailsList_B_Header_3":"f291be6e-1c13-4833-9829-e586e74ee0d8","lbl_DetailsList_B_Header_4":"557ce146-4a33-4a2d-8866-b260e2de4a9b","icn_DetailsList_B_Header_4":"f4e7ce31-6d97-4b62-b809-549d78503db7","lbl_DetailsList_B_Header_5":"6ad24a50-ec52-4bdc-91a6-6940895c6d38","icn_DetailsList_B_Header_5":"a3af3b35-15c2-4f90-8323-85df69f82403","lbl_DetailsList_B_Header_6":"7a53b117-30b3-48f6-9663-421414bec426","icn_DetailsList_B_Header_6":"8fa4eddc-589d-47da-9e41-d78ba2694bb5","lbl_DetailsList_B_Header_7":"5cc492dc-5509-4cab-9221-239ec702478a","icn_DetailsList_B_Header_7":"e937ffdd-5743-44f7-aeb0-aa5e0bd54360","lbl_DetailsList_B_Header_8":"44797003-9111-4e92-8e35-f73fdc71082c","icn_DetailsList_B_Header_8":"c1818e62-b513-4daa-aa71-2373c48f4cac","lbl_DetailsList_B_Header_9":"56203a1a-cf30-4612-8835-033a170c4bf9","icn_DetailsList_B_Header_9":"c76bf44a-dead-42db-90d6-2294bd6ece5c","lbl_DetailsList_B_Header_10":"82d32ade-8cad-47b2-9400-24f31f3e0e1e","icn_DetailsList_B_Header_10":"c5e04cc4-5f5d-45ea-b2a8-4633b29be156","gall_DetailsList_B":"1cd7a0e2-241c-4fb1-8418-5349d516aa06","galleryTemplate2_4":"c67c0392-0ab8-44a3-b240-68d0faf9b086","lbl_DetailsList_B_Gall_1":"fd6fa2b6-1c64-4eb6-ab8b-034d6b9d7c45","cb_DetailsList_B_Gall":"f5a45ab9-5049-4cd8-984f-4ce5509fed03","lbl_DetailsList_B_Gall_2":"a30d24bc-b98e-4ef9-99e1-721c044cb7e4","lbl_DetailsList_B_Gall_3":"a80924b0-e9fa-4a56-a986-6387e055b0b8","lbl_DetailsList_B_Gall_4":"2cf97ad8-6282-4490-886d-dda5432bd950","lbl_DetailsList_B_Gall_5":"e3755f5d-b040-4ced-914f-c59b015504c2","lbl_DetailsList_B_Gall_6":"bf3b3d3a-7139-4698-834c-ea51b2472e2b","lbl_DetailsList_B_Gall_7":"ac5f134e-dc97-48ab-906b-dc8e96b1d64e","lbl_DetailsList_B_Gall_8":"ebd5aa41-4595-4930-97ae-b3616879042b","lbl_DetailsList_B_Gall_9":"696f0067-ace5-4757-8e43-aa0cf88212f1","lbl_DetailsList_B_Gall_10":"2f8e0528-078a-49ae-8123-6a88b03915cd","shp_DetailsList_B_Gall_Divider":"d350d805-66bd-4f31-b8d6-904f57ed44f5","PACo_Dialog_A":"48d40cbf-3388-449b-974b-85c4ea4ce3a2","cntr_Dialog_A":"04c19f0b-2eb6-4d13-9149-6a8e0aac66bb","html_Dialog_A_Visualization":"2950e0a6-18f4-405a-b242-986895095172","shp_Dialog_A_Visualization":"d649505b-834f-4f10-903e-8580e9315f1a","shp_Dialog_A_Area":"efcaeab1-a7fd-4748-8b05-589ff3d754d0","lbl_Dialog_A_Title":"7806a320-7e1e-4066-97c6-caed82a19b5a","lbl_Dialog_A_Message":"d425eec4-2a2e-416e-9a1f-f8c804362478","html_Dialog_A_Message":"6eefe343-a0d6-4042-b1b7-87606262ca2a","cntr_Dialog_A_Button_Last":"0d60ead8-93ef-45c8-8b4d-a790e958988b","lbl_Dialog_A_Button_Last":"b7f80100-8637-4574-834f-0caecd2ac482","icn_Dialog_A_Button_Last":"2b54fa35-0580-426e-9429-9cb588068e46","img_Dialog_A_Button_Last":"7a56b1c7-2926-45fe-935b-970effd9ef19","btn_Dialog_A_Button_Last":"d480a4b7-b8a4-4228-aaf1-0099a31ae171","cntr_Dialog_A_Button_First":"9e6929a5-85a9-45ae-9b1b-ef83414b3003","btn_Dialog_A_Button_First":"1ccee46c-6008-4a0d-8cf9-62c049d4d3bc","lbl_Dialog_A_Button_First":"d8e5da14-370a-4d93-b26a-158a7b0dbec7","icn_Dialog_A_Button_First":"ea17cb6f-99aa-42ed-90d7-2fc38f129427","img_Dialog_A_Button_First":"5d8894a1-43e6-4da5-a410-2fed75d0a1e7","html_Dialog_A_Button_First":"da61b42d-c6cc-4a9f-8b38-bd8581d9290d","html_Dialog_A_Button_Last":"5d09bd6c-c65d-44a9-91e5-b3237047191a","PACo_Button_A":"46405cbc-d1cf-445f-ae57-12a04b6c6b6d","cntr_Button_A":"9b44ba54-7c8b-4eaa-a3bc-a056bffe774a","btn_Button_A":"fb054b8f-7dfd-461f-aee2-42d3aec16a42","icn_Button_A":"7d81eccf-1c2c-4ec1-a0a7-7b34164ac4e4","img_Button_A":"5289c432-3923-4c43-b128-3ffdf93742c4","lbl_Button_A":"cc05cb04-9818-4527-b3a1-8421e3aa9ff8","html_Button_A":"27faeb77-9885-4661-a5e6-78340dabcf12","PACo_Visualization_A":"0c8e0aab-2819-4381-8837-c123c19aec6f","html_Elevation_A":"e92df296-8de1-41b9-8f22-0b95efdc9acf","shp_Elevation_A":"40aeeee6-6ea7-4d59-ab7e-88eb56e1507e","PACo_Spinner_A":"732ba258-c655-4fde-bc5d-eba66836f181","img_Spinner_A":"a708b07c-0037-466d-ba10-b8e83f083486","lbl_Spinner_A":"52c6b0e5-7cac-4497-b301-e5e32e6f0f20","PACo_Header_A":"b4c59c44-d8e7-4133-b58f-9c4f8dc9bb40","html_Header_A_Visualization":"6398bc5c-8ac9-4f15-903c-8211d2310e60","lbl_Header_A":"df7ac61f-5a4f-4cbe-9de4-39db874e71a6","img_Header_A_Back":"5e25e8d1-28d1-49d8-a739-8332b9aef50e","icn_Header_A_Back":"1fe4207f-2be0-421a-ac16-d9cb2712b156","img_Header_A_Nav":"b15a8f58-6d4d-4614-b3db-79217a6bcb0f","icn_Header_A_Nav":"2f699e98-af04-45f1-96d7-b259d50346bc","img_Header_A_Logo":"46bf7199-e9bd-48a1-8b38-9bf3249c6845","icn_Header_A_Logo":"3191002e-9fc4-4ec6-99d7-83d2d98de3cd","img_Header_A_SettingsMenu":"22217e6e-7c3a-4e40-bacf-7b19f4643400","icn_Header_A_SettingsMenu":"e5419720-efa1-4db5-b892-3e3f2dab6415","img_Header_A_Help":"e1e158c4-d542-4fd9-84d5-7df66980b5df","icn_Header_A_Help":"92252c5d-2bdc-4da3-ab07-d59dcdf479a9","img_Header_A_LanguagesMenu":"7b674bd0-ad8b-48a1-9c10-684518e57e8e","icn_Header_A_LanguagesMenu":"0843dc37-397a-4ac3-8f9d-89fd8617a70d","shp_Header_A_Visualization":"efc351ce-e3fe-4c48-91dd-fab4812bff8f","PACo_CommandBarMenu_A":"f66adbef-b47e-4263-8ee0-3c4724ec6dfc","html_CommandBarMenu_A_Visualization":"0cc66e0d-56ba-4057-a2e7-2126faa67a98","shp_CommandBarMenu_A_Visualization":"c26c4798-5966-4ac4-a372-0de363e6bfd3","gall_CommandBarMenu_A":"7919ca5d-70c5-4543-91ca-569d4bd35749","galleryTemplate1":"f9a1fbb7-f27f-4e8e-814c-db35bef7cf1f","img_CommandBarMenu_A_Gall":"a02fc7ed-d44f-4b2a-ac9a-3f4593a12b49","icn_CommandBarMenu_A_Gall":"e64c8b7f-4586-4720-9ca1-918fb2df8f1e","lbl_CommandBarMenu_A_Gall":"134b9ed8-ecc6-4f9d-ac88-e8c0d6a61d49","shp_CommandBarMenu_A_Gall_Divider":"6b56d060-a267-4d67-8dd0-c09ab0d8852e","PACo_CommandBar_B":"7eabb2ba-2125-4207-8c34-8b43a6b867c8","html_CommandBar_B_Visualization":"b4b587fa-ece5-40e0-8d7e-d537254f257e","shp_CommandBar_B_Visualization":"7f9c5c75-6b50-4d87-87b9-ddeb5fd0dcd6","cntr_CommandBar_B":"43347318-bde0-4331-85aa-c96032d9ba8f","img_CommandBar_B_1":"36820331-3678-41a9-8fbb-0aa5f973696d","icn_CommandBar_B_1":"8e9d6d57-b956-4c40-95f6-4c2d28101909","lbl_CommandBar_B_1":"288f9b2f-fb03-446f-be24-fee23f84791e","img_CommandBar_B_2":"04d9fb6d-d2e2-44a5-aa93-fc0f3957d95b","icn_CommandBar_B_2":"ace29df6-f9b4-4cc3-98d0-56aac4ea654b","lbl_CommandBar_B_2":"ba9672a0-0897-40cc-9580-dcb4e0803711","img_CommandBar_B_3":"9d070aa9-7483-43b7-bd9a-d9e5274fb4dc","lbl_CommandBar_B_3":"6cbbfcd3-6603-4186-afaf-aa195a44bc34","icn_CommandBar_B_3":"a9bde5bc-5bf7-48f0-b461-f9f9c74a640f","img_CommandBar_B_4":"08471ec8-faec-43b5-9be5-8af28febc5d3","lbl_CommandBar_B_4":"5a810a9e-ea2f-4b54-8d1a-86d231eb1748","icn_CommandBar_B_4":"2af1226b-e668-4197-969b-c01d388b5066","img_CommandBar_B_5":"9a10661e-c0a8-4140-8289-d972952df783","lbl_CommandBar_B_5":"1eba8a82-0458-40f9-835f-926aa8a2762f","icn_CommandBar_B_5":"cf8b5869-e570-4968-bda9-6d0347c88172","img_CommandBar_B_6":"95a6519a-6bd3-42fc-a03c-08a2fc37c9ac","lbl_CommandBar_B_6":"496b70a6-5d3a-4277-88f4-bc6e5c5ee3f9","icn_CommandBar_B_6":"1e4730fe-3a1b-44e3-9e94-8cdecb522ce2","img_CommandBar_B_7":"fdf60fe6-ce53-4afb-8c8a-b267462b899e","lbl_CommandBar_B_7":"847f5b76-13f6-4206-97a5-2c1c5377d8e7","icn_CommandBar_B_7":"8471b819-03b0-4841-ae9c-600c0eb7f06e","img_CommandBar_B_8":"80d0c7e2-3247-4c47-8951-e40d70992518","lbl_CommandBar_B_8":"04a9fd55-1a71-42d0-a381-e88918e691be","icn_CommandBar_B_8":"9ccecd7a-623c-4032-b1e0-9ac1acde4d7d","lbl_CommandBar_B_Menu":"3eadb463-ca6d-48a6-9971-7fda0131639f","icn_CommandBar_B_Menu":"26e4a7ed-cfd2-46c3-88bf-e94ac2b5c1ba","html_CommandBar_B_1":"f2e04dd6-550e-4b53-9b73-d8db8d685f68","html_CommandBar_B_2":"db57a45f-1f73-4428-83dd-4c38d804d08d","html_CommandBar_B_3":"4360bf9e-f9f6-4b7b-957f-727f8800ca03","html_CommandBar_B_4":"bded9ccb-e920-455f-9c4d-3516d99ab274","html_CommandBar_B_5":"d679df48-ad68-48f7-bc44-eb7727c80b88","html_CommandBar_B_6":"f312f5e6-ef19-45c5-aadb-6066eaf8aa26","html_CommandBar_B_7":"a400f94a-3956-498f-8af8-7332a6f8ba5d","html_CommandBar_B_8":"f524fd7a-d7c8-46f4-8d13-13d618f6837a","PACo_Log_A":"05c453a6-ca33-4e49-9726-c0dd22cb4c80","html_Log_A_Visualization":"383fa91f-3e49-4c70-92c6-1b263eed9824","shp_Log_A_Visualization":"55f22b70-e3d5-4507-bdf9-5eee05ada066","gall_Log_A":"dff1d520-eb63-484b-8c12-c5fc4502f665","galleryTemplate1_5":"7c05edb6-dd0d-4c7b-926c-8116827f2a57","shp_Log_A":"31a10073-401a-4b41-82cd-e4231963c3d5","icn_Log_A_Gall":"e0ac9c65-b3f9-4ffb-8e57-a68d81e6e4b8","img_Log_A_Gall":"00146bec-0213-4fa2-9469-92cb56b8c14d","lbl_Log_A_Gall":"e590f8cc-c189-4d35-8328-17d0e122973d","shp_Log_A_Gall_Divider":"8f853e28-93cb-4ae3-bd78-b938909f3d81","Home Screen":"f8ef426e-20f7-48fc-abe8-8ce56a43a818","cntr_Home":"cbfe845b-2c20-4834-8247-91658c5b3a04","cmp_Home_Header":"8bf18bc5-60c8-4799-84d2-048305af4785","cmp_Home_Spinner":"b30a2a47-2c56-489c-835e-d7d531d14080","cmp_Home_CommandBar":"023079e8-2138-4694-aaad-f595f736135f","cmp_Home_DetailsList":"78df84fc-5b8b-49b9-9b06-d22d5d711729","lbl_Home":"acfac17a-881a-4af8-854a-756655196ac7","btn_Home":"f2a0e406-64a2-463c-ba91-826cbed9e315","btn_Start":"aa6fa303-0f9f-4911-b7e4-732695898a56","Deployment Screen":"47ed5082-7020-4893-adad-838344139ce7","cntr_Deployment":"19964f3a-122c-4551-a6d6-c0c7dbfb9fb3","cmp_Deployment_Header":"22a719a9-7a58-462c-b07b-05f2eb416bba","cmp_Deployment_Spinner":"4ad95f27-dd20-4352-b568-506ca37475c9","cmp_Deployment_Visualization":"160e9703-a3f1-475d-8a1e-7fd322d4ecdc","cmp_Deployment_Button":"84d64738-a1c0-4be3-b275-073b848154e3","lbl_Deployment_URL_Label":"c7826195-ffbe-4bb5-b3cb-7f3fb9e94930","ti_Deployment_URL":"40fa9c7a-0322-4c21-ab83-062b62e43270","cmp_Deployment_Log":"a81729c9-649b-41e0-abe2-735041c65575","lbl_Deployment":"9085cfbe-2c08-4836-88d5-6f5831dd3f67","btn_Deployment":"e60f2cbd-f87b-4e8b-8962-b78da9db35dd","Restart Screen":"cb06a94b-8f40-4b01-be27-cb4f70e673e0","btn_Restart":"c33029ef-66be-4ea9-9183-d9c38b011e35","Import Screen":"8ea95266-f2da-46e8-a2c2-1af305610f98","cntr_Import":"fd25e7c1-498c-4696-9c72-e6c8036ed670","cmp_Import_Header":"6ad26a9a-336d-485c-a605-65392a8cda8e","cmp_Import_Dialog":"6726ab73-1fab-4629-9a6b-8329ef338e0d","cmp_Import_Spinner":"bc23f217-b41c-4c3a-9f2b-67d062875120","cmp_Import_Visualization":"b4a0e08d-6202-442a-a32e-7b1bfd2d0ecf","ti_Import":"802a80fa-7a3f-4571-ae04-3e418f7f83a5","cmp_Import_Button":"c1c58029-fc60-4947-930d-885998143c5a","lbl_Import":"5cd0f810-9623-4d6c-bbda-420f7ebc25e0","btn_Import":"2b09c679-5267-4e5c-8828-848144c2af81"}