{"__Version":"0.1","App":"c04eec85-e143-4b21-8a93-976edb90d506","Test_7F478737223C4B69":"7396392e-7b28-4ecb-bb6f-95813f8beae5","Host":"794eadeb-b095-4d17-a095-f2d82617f7c0","PACo_Panel_A":"bbe3635c-13a3-4a36-8a92-e708e0ab110d","html_Panel_A":"9604bdeb-6a43-4966-8571-bd610bb790e0","shp_Panel_A_Area":"92e1aa2e-958e-4a0d-889e-b9cd7eda120b","html_Panel_A_CommandBar_Visualization":"3dc04b32-ebdb-498d-b873-c8c985dd7ea6","shp_Panel_A":"acc44a76-d0c5-4bdf-83bd-a0c2bca04a7a","shp_Panel_A_CommandBar_Visualization":"4b3a55c0-0e1a-43e7-857a-be2aebbc1923","cntr_Panel_A_CommandBar":"a4eaf2df-ff1c-406e-9b00-32f8b278d08c","img_Panel_A_CommandBar_1":"d115391d-eb9d-4f8d-81bb-22ad50ae1188","icn_Panel_A_CommandBar_1":"f506010f-b123-42f0-ad8d-d48b8e7bfca4","lbl_Panel_A_CommandBar_1":"36dc5aa6-4cd0-44f6-91d7-71ba7c6afb2a","img_Panel_A_CommandBar_2":"9d772249-c6da-4a17-90b6-58343a17d8df","icn_Panel_A_CommandBar_2":"44df8d0b-6908-427a-932a-0cfa16514d94","lbl_Panel_A_CommandBar_2":"ff6d9453-5680-4b92-beaa-4374a975e33a","gall_Panel_A":"2e05549b-324f-427c-aaa1-d7aee6d1bf7d","galleryTemplate2":"ff520256-ce3e-43c5-b96d-d3bf2405c2c9","lbl_Panel_A_Gall_Label":"357a4feb-00e2-45e9-b5c2-b8ebb303e703","lbl_Panel_A_Gall_Text":"84d6fcc5-b150-4ea4-bd2c-5db43323f6bf","cntr_Panel_A_Button":"a381e4ca-53fc-467f-a108-e5fbafc796c4","btn_Panel_A_Button":"eef71ab0-7b00-4748-8fca-055fa7587eb0","icn_Panel_A_Button":"6ed324d9-dcb3-4ce7-9331-d2542d383751","img_Panel_A_Button":"0217de28-3d15-46f9-a253-b8b410ef6017","lbl_Panel_A_Button":"c1e79770-84a5-4467-944d-b2b0696ee908","html_Panel_A_Button":"b27e3e11-30df-437d-b14d-41ccb844c0f6","html_Panel_A_CommandBar_1":"71a983d7-f12a-4844-a44a-43715c2d2fd8","html_Panel_A_CommandBar_2":"eb9b057c-509f-4696-88c7-9526048c6f46","PACo_DetailsList_B":"c020394d-a9ee-4ce8-b125-5fb7ae23af6c","html_DetailsList_B_Visualization":"89de3f17-5f66-4ae5-ba4b-da8e92053320","shp_DetailsList_B_Visualization":"b81d7bbb-48a1-4ee7-a12a-cdce378be62c","cntr_DetailsList_B_Main":"9760b62e-ff2d-448e-8b4d-b8e21e1a8747","cntr_DetailsList_B":"6dcf6d5b-e132-45d5-a4a2-eaa1fda31ca6","lbl_DetailsList_B_Header_1":"75dd81b1-6884-4f9b-8ccc-b73f66e69849","icn_DetailsList_B_Header_1":"83d3a1ae-231f-4fbd-b24f-77faf2a56be7","cb_DetailsList_B_Header":"eb594887-b3ac-45dc-8aec-7eb388a9e395","icn_DetailsList_B_Header_Sorting":"02a11537-5391-431d-870e-e7f2d686bb5f","lbl_DetailsList_B_Header_2":"12723a3d-06eb-431c-8d15-2a8897741b3b","icn_DetailsList_B_Header_2":"8b391bdb-a9ed-468d-be48-a21333b48472","lbl_DetailsList_B_Header_3":"88655bcc-0f0a-4342-8104-7134eff35ec8","icn_DetailsList_B_Header_3":"3b0e3721-817c-4144-998a-11b1c7c61220","lbl_DetailsList_B_Header_4":"6c013f6f-dc66-476c-966f-2ceaf45dea70","icn_DetailsList_B_Header_4":"d5b4e4f9-8534-4fc5-8602-45362df3a400","lbl_DetailsList_B_Header_5":"f152f672-243b-4af5-8c31-1c170c953fec","icn_DetailsList_B_Header_5":"216c23ba-d70d-4be4-8b90-23f520e421c6","lbl_DetailsList_B_Header_6":"eba6761d-8244-44ae-9dec-88d50df2e72a","icn_DetailsList_B_Header_6":"8572023c-1845-4337-b861-26089a1deb29","lbl_DetailsList_B_Header_7":"aadd95ba-63e1-4d11-af89-4ca74b4124f9","icn_DetailsList_B_Header_7":"d621d615-3c4d-4b1f-ab10-95b92ac35838","lbl_DetailsList_B_Header_8":"6972b745-1af5-4cad-99ad-c10d7f32b7ea","icn_DetailsList_B_Header_8":"63f960fc-be0e-4b7b-825f-259c09425960","lbl_DetailsList_B_Header_9":"182069b3-04a9-4eff-9e42-addf3e2dfd72","icn_DetailsList_B_Header_9":"71b90bf4-5a83-4dd4-beca-486236f60151","lbl_DetailsList_B_Header_10":"1c2c29b0-8d58-4d5d-a71b-fe3e7cf73528","icn_DetailsList_B_Header_10":"5e8e2aa1-c135-48e4-b172-16166ee70da8","gall_DetailsList_B":"d340a02e-74b9-48a1-aaaa-2913dd7044ef","galleryTemplate2_4":"06b9c0d7-0277-4d0c-86b6-ff927cb93ee5","lbl_DetailsList_B_Gall_1":"377b4221-129f-47d8-92a2-b602d0758ab8","cb_DetailsList_B_Gall":"58dfad43-4965-48ec-a8b6-d814faa3bc25","lbl_DetailsList_B_Gall_2":"57bead5b-c9d0-40f2-9502-293f8d697292","lbl_DetailsList_B_Gall_3":"c873eb88-8fdd-4425-8ad6-c874ccf81576","lbl_DetailsList_B_Gall_4":"1a9f533b-8c3e-43c3-bebc-37388abdda3a","lbl_DetailsList_B_Gall_5":"6f45e360-a16e-4241-86e5-805dce25c47e","lbl_DetailsList_B_Gall_6":"12442953-a712-4213-a7b1-9be5d31438e3","lbl_DetailsList_B_Gall_7":"bcd85cd1-9eea-4817-bbc8-6ab05a9f6fd0","lbl_DetailsList_B_Gall_8":"c8e4989c-c686-4e3f-b52b-a1e2d7fc979f","lbl_DetailsList_B_Gall_9":"4fdca38a-a4b3-402a-a102-516c6e95bbdd","lbl_DetailsList_B_Gall_10":"a57f9f5d-11ca-4e49-a29a-77357ce2edb3","shp_DetailsList_B_Gall_Divider":"3c6c3c0a-8b2c-4a01-aba2-6447fba1582d","PACo_Dialog_A":"e857026d-dcc4-4d7e-901e-777e6c4a1bb5","cntr_Dialog_A":"0d0ca449-cbfb-4d07-84c5-b6136a2ada57","html_Dialog_A_Visualization":"c7deb6fd-b170-4741-8863-947378fd4c59","shp_Dialog_A_Visualization":"dec15226-9683-474f-9d92-3e48369ef8ee","shp_Dialog_A_Area":"ad3c5386-7565-4e92-a53d-599292b707dc","lbl_Dialog_A_Title":"a68444a7-f183-4485-b82e-3e61bf7b31f6","lbl_Dialog_A_Message":"7844d2ff-c49c-478b-b478-e79091a62c8c","html_Dialog_A_Message":"ce0671f3-822a-4960-a55e-e6c016aa94f9","cntr_Dialog_A_Button_Last":"5d88a64c-37da-456b-999e-ff2a71d507e3","lbl_Dialog_A_Button_Last":"49655e1b-54de-4a21-b901-b9c212a72995","icn_Dialog_A_Button_Last":"35217a0b-2648-41ae-9869-9dc4dba0e1c8","img_Dialog_A_Button_Last":"bd7c86f4-75e8-40f4-9829-5142261b091e","btn_Dialog_A_Button_Last":"280dac7e-4156-44bd-a88f-0a172e808ea5","cntr_Dialog_A_Button_First":"713dc220-5766-4f52-8d3a-590ee184c5b2","btn_Dialog_A_Button_First":"1e808b78-c1bb-458c-a5b4-fdbb0c9f83da","lbl_Dialog_A_Button_First":"38ece16b-0947-4eea-bf2a-19841af8e2a1","icn_Dialog_A_Button_First":"b107f073-274c-48d3-a4bb-b05f2a2cc430","img_Dialog_A_Button_First":"c4a59c17-5db4-4c65-ac7c-9e935ec15432","html_Dialog_A_Button_First":"c36fe264-b488-4270-9a37-2a172f038929","html_Dialog_A_Button_Last":"366e6826-0473-48d0-9820-68b53ff4a8c8","PACo_Button_A":"ec11072d-7314-49c3-86e4-b6a2e9bade5d","cntr_Button_A":"a9a24d61-c45e-449e-9dd0-a8f0c1b48cac","btn_Button_A":"8741bc0e-d911-4704-937d-3e5089d6220f","icn_Button_A":"612ab398-9123-478e-b26e-dd812e6566e2","img_Button_A":"d0220af1-327f-4530-8b4e-422c5d94d579","lbl_Button_A":"4efd7c6d-188c-437e-a13d-cb7ab100c3de","html_Button_A":"e19ad161-3bab-4270-872e-c86703a20c8f","PACo_Visualization_A":"698d343f-9365-4eaf-b8b8-8ac9671709f6","html_Elevation_A":"17f32c50-227f-4e31-bd5b-a8293dbffdce","shp_Elevation_A":"f7451d07-6404-44b7-8ff0-7df1b0686ef4","PACo_Spinner_A":"b10b35fa-ce4c-47f4-91e5-3f89abb921f4","img_Spinner_A":"ea4b4e28-937f-4c3d-ad4b-a561752f6e61","lbl_Spinner_A":"fe29507f-9054-47df-8582-0dba270ffd92","PACo_Header_A":"4428b8cb-dc68-490e-b6ad-14f9cc8368e2","html_Header_A_Visualization":"66f0ec37-f0d8-465a-b841-4817fbe5c417","lbl_Header_A":"797f12df-ad7d-49c9-8d33-450a9cee00c7","img_Header_A_Back":"0f1c7dc5-b0af-4b8b-861b-93e03c7c6ecc","icn_Header_A_Back":"0d835554-1b8f-4c17-b746-33b57b57544a","img_Header_A_Nav":"103c205e-211c-4cb8-8de3-5be638cb067b","icn_Header_A_Nav":"214dae07-f9b5-4ef4-b3ab-3074f6e259ff","img_Header_A_Logo":"8af1ac5d-cee4-4ffd-95e2-75b55bda273b","icn_Header_A_Logo":"ba3db174-8284-40e1-b766-10eafc746ed8","img_Header_A_SettingsMenu":"6c879c9c-2223-4bde-af04-fdb591b80992","icn_Header_A_SettingsMenu":"f26cf07e-cd25-45fb-9162-8f379796dd26","img_Header_A_Help":"5b0e7285-f817-4623-8904-e50a21644098","icn_Header_A_Help":"938ec66a-f0d9-49f1-b116-4c3f1e0b7e13","img_Header_A_LanguagesMenu":"84c73ae5-b749-4d28-b9b5-fec7ec559331","icn_Header_A_LanguagesMenu":"9a0120e4-0475-46d8-8969-f974a8f963e9","shp_Header_A_Visualization":"8fecc1da-9ade-4039-9853-5a46ea15b818","PACo_CommandBarMenu_A":"9712b534-a35e-4396-ab49-67cce6d7f32a","html_CommandBarMenu_A_Visualization":"c2fed1f5-2041-4182-80a8-b7d5c58b7dec","shp_CommandBarMenu_A_Visualization":"d58b1dfb-29d7-49fa-b28e-af0b48d6d15a","gall_CommandBarMenu_A":"3b0d42b2-0dda-452d-8f1f-9dfc79a22752","galleryTemplate1":"1140ee9e-7f31-4937-b70d-a269e81a0fac","img_CommandBarMenu_A_Gall":"c482a6a9-4845-4d45-8046-f58bd61e6640","icn_CommandBarMenu_A_Gall":"8b4d4f39-5dc2-4112-97b4-a4f0c67d9669","lbl_CommandBarMenu_A_Gall":"3c61f8a6-7c50-4907-97ac-5ad58423db3d","shp_CommandBarMenu_A_Gall_Divider":"92646b3c-02db-492a-a7b8-da646b3a3cf2","PACo_CommandBar_B":"c2493206-a31f-4849-bcdd-53563c60be27","html_CommandBar_B_Visualization":"4ce271e2-f4c1-4b03-9c1a-eed408d33b15","shp_CommandBar_B_Visualization":"1029faba-e524-4827-8544-7f40bed73ea5","cntr_CommandBar_B":"fbf7230c-39a4-457e-9e9e-a944254021c6","img_CommandBar_B_1":"6c8c6bb8-9185-49a0-ae4b-6ed7db73cdbb","icn_CommandBar_B_1":"a6a27fe8-4b18-4749-8647-899e13b45b2b","lbl_CommandBar_B_1":"07986e0a-16e9-48d1-beb3-33f59350a81a","img_CommandBar_B_2":"352e4f02-ce8f-4be6-867b-a28cf8336c52","icn_CommandBar_B_2":"4d1c45a4-075c-44aa-9866-130305adc69f","lbl_CommandBar_B_2":"314e5bf2-60ed-4527-bbe4-cbbf48446605","img_CommandBar_B_3":"7b62b388-3a2c-4002-8d1e-42e926d2781a","lbl_CommandBar_B_3":"e74317e4-a43f-4f81-9b84-48e7f80ed519","icn_CommandBar_B_3":"8e0f1730-6c5f-44a2-9cc7-4d95ebe022f7","img_CommandBar_B_4":"5989ea25-9090-4931-9628-68e0d9c38113","lbl_CommandBar_B_4":"7be25c02-d89e-4492-a8f6-28d128a57268","icn_CommandBar_B_4":"6af35a5b-ab3d-4e10-89e6-e33f68763e93","img_CommandBar_B_5":"2f53e99f-2f28-4d32-b024-afbc6b99287d","lbl_CommandBar_B_5":"99944865-81d8-4644-a127-8f92be176045","icn_CommandBar_B_5":"302b5aca-09c0-4874-b508-166b42de3764","img_CommandBar_B_6":"110de405-e8e1-49f0-aee6-2f60bfebce40","lbl_CommandBar_B_6":"a69c32cc-d257-47aa-b75d-69f16d94e87d","icn_CommandBar_B_6":"90cf9f14-dca4-4c64-a3e8-4b7c79ac83b6","img_CommandBar_B_7":"38859d6e-26d0-40af-8f41-6863d8bd24e9","lbl_CommandBar_B_7":"129fe006-67fc-434c-a075-150ca2386afe","icn_CommandBar_B_7":"372b7afe-bd0c-422e-8c22-d122b20f2f85","img_CommandBar_B_8":"3a69824f-5151-4985-8c50-6fe13db0faab","lbl_CommandBar_B_8":"52890929-287c-46f3-bda0-aa176f0331b1","icn_CommandBar_B_8":"a185db9a-dbc1-4013-b4c5-a2bce62e22a7","lbl_CommandBar_B_Menu":"0d664100-b79c-4b0c-88c6-083d91458559","icn_CommandBar_B_Menu":"f5e5c064-ff33-435b-9a4f-4d5dfd4f30f1","html_CommandBar_B_1":"fa82604d-a1a9-4587-a238-9cfd26e1fd60","html_CommandBar_B_2":"4ebd1c40-1a58-4d47-b295-771f8c97811d","html_CommandBar_B_3":"ba29837d-f141-41c5-a488-1ab02428b94c","html_CommandBar_B_4":"7b7412d7-ed55-4224-ba30-8658c293cebb","html_CommandBar_B_5":"2266b3e8-fa42-4425-9e1b-64a3ba6c166c","html_CommandBar_B_6":"7bbfe473-d9bc-465c-aa50-3944e75ac135","html_CommandBar_B_7":"8152e674-ed5d-4035-a500-b914e24d27ea","html_CommandBar_B_8":"d5f8338b-aa38-4f30-9fb4-2258ace6eba5","PACo_Log_A":"d6b31c63-7932-455c-8505-2452a36c2cbb","html_Log_A_Visualization":"548b2697-8e0f-4a1d-852c-84cd53480db0","shp_Log_A_Visualization":"77fdedff-471a-4683-8f57-878c6e1517ba","gall_Log_A":"2bd70200-17ad-4f42-9fc4-d316139a0d68","galleryTemplate1_5":"534143a2-948a-49b0-b9e0-fea406babc0d","shp_Log_A":"b4b640ad-a820-410e-bdb7-657b067dacfe","icn_Log_A_Gall":"631d5ffe-3e71-4333-b562-56e4b1249613","img_Log_A_Gall":"4d70c35c-e867-49cb-b6ef-49bb383a236e","lbl_Log_A_Gall":"fcd58882-3af8-4ebc-a43e-55293135d3c4","shp_Log_A_Gall_Divider":"d51d222b-3cd9-408c-bd5c-94ec04c9e662","Home Screen":"68b7c586-3feb-4187-801d-ad8bf381efee","cntr_Home":"68e57c8d-0d45-4a44-84ac-7b24aca49148","cmp_Home_Header":"fc20b889-2185-4520-9f6d-279c89bb210a","cmp_Home_Spinner":"643e51fc-981c-47f3-a09e-1b4515d4da6a","cmp_Home_CommandBar":"5806a0f2-298b-480b-94fb-11c1e9c0434f","cmp_Home_DetailsList":"13d5672f-971c-4dd7-924b-fe797bccecfa","lbl_Home":"2d6fbf8f-8e9b-4498-970b-550c203356ce","btn_Home":"31318afe-4fd7-40c0-81c5-2d41a507c577","btn_Start":"925f43db-ff59-44aa-b050-3ba6879f9aad","Restart Screen":"2c6b04e4-c86b-4ec0-99d6-b2d47f049d2d","btn_Restart":"5e54a61c-d893-40c8-8160-a35bcaa184dd","Import Screen":"3d613bb6-3338-4c01-885e-8dbc9a67da29","cntr_Import":"38cf93e9-2c48-4be3-a1eb-229bd7a0db02","cmp_Import_Header":"c11c2dad-ef3e-47f3-bc4c-ea6d61dcaae7","cmp_Import_Dialog":"474eed6c-422e-4201-9313-55798b1a0c1c","cmp_Import_Spinner":"46c6e4de-f0b3-4766-b63d-bbb6dcb2989a","cmp_Import_Visualization":"33eedf4d-db8a-47ab-81df-2d567ea50099","ti_Import":"c04be90d-7d3b-48ce-b545-c786c0230348","cmp_Import_Button":"1eb6cce7-9a25-468a-8ed4-667b517d33c1","lbl_Import":"db0c80c1-fd6e-4934-b12d-eda105d3e820","btn_Import":"467dc558-5d67-4936-8fa0-553934d8ec47","Validation Screen":"424446c2-35fe-4d5c-b15f-6f7b4246e8b9","cntr_Validation":"0671c6df-a663-49ef-8dd7-54f7c66343a3","cmp_Validation_Header":"d8ea5fe5-4cd3-4471-8922-04f9a87a0341","cmp_Validation_Spinner":"0a39bfd9-13e0-4dbd-a96f-ca3c12e739c2","cmp_Validation_Visualization":"b5586880-2974-417d-8ce9-19c823232ac9","cmp_Validation_Button":"7992b52f-5b8d-4088-860d-f9a1b91025b9","lbl_Validation_URL_Label":"489ecd79-a842-4901-8676-66128969903c","ti_Validation_URL":"f3016f75-4f6b-4716-a4f0-52930017d51e","cmp_Validation_Log":"f30c45f2-1eb8-4d1a-93e8-2cbf6cbf54c7","lbl_Validation":"5f5dbec1-fde4-4d4c-a21d-f8d80d6821ea","btn_Validation":"d213f4b9-a5d1-483e-a11b-d63f1819ff67"}