{
  "properties": {
    "connectionReferences": {
      "shared_sharepointonline_1": {
        "runtimeSource": "invoker",
        "connection": {
          "connectionReferenceLogicalName": "faf_SharePointSPOT"
        },
        "api": {
          "name": "shared_sharepointonline"
        }
      }
    },
    "definition": {
      "$schema": "https://schema.management.azure.com/providers/Microsoft.Logic/schemas/2016-06-01/workflowdefinition.json#",
      "contentVersion": "1.0.0.0",
      "parameters": {
        "$connections": {
          "defaultValue": {},
          "type": "Object"
        },
        "$authentication": {
          "defaultValue": {},
          "type": "SecureObject"
        }
      },
      "triggers": {
        "manual": {
          "metadata": {
            "operationMetadataId": "3c273057-c325-401a-99e1-2a361e61d5b6"
          },
          "type": "Request",
          "kind": "PowerAppV2",
          "inputs": {
            "schema": {
              "type": "object",
              "properties": {
                "text": {
                  "title": "siteurl",
                  "type": "string",
                  "x-ms-dynamically-added": true,
                  "description": "Please enter your input",
                  "x-ms-content-hint": "TEXT"
                },
                "text_1": {
                  "title": "schema",
                  "type": "string",
                  "x-ms-dynamically-added": true,
                  "description": "Please enter your input",
                  "x-ms-content-hint": "TEXT"
                },
                "text_2": {
                  "title": "record",
                  "type": "string",
                  "x-ms-dynamically-added": true,
                  "description": "Please enter your input",
                  "x-ms-content-hint": "TEXT"
                }
              },
              "required": [
                "text",
                "text_1",
                "text_2"
              ]
            }
          }
        }
      },
      "actions": {
        "Initialize_variable_-_varError": {
          "runAfter": {},
          "metadata": {
            "operationMetadataId": "513ca477-3e92-46e2-a45c-6f69fc3085ea"
          },
          "type": "InitializeVariable",
          "inputs": {
            "variables": [
              {
                "name": "varError",
                "type": "boolean",
                "value": "@false"
              }
            ]
          }
        },
        "Initialize_variable_-_varErrorMessage": {
          "runAfter": {
            "Initialize_variable_-_varError": [
              "Succeeded"
            ]
          },
          "metadata": {
            "operationMetadataId": "29a47c5b-50af-449d-b6a1-51cd27c81866"
          },
          "type": "InitializeVariable",
          "inputs": {
            "variables": [
              {
                "name": "varErrorMessage",
                "type": "string"
              }
            ]
          }
        },
        "Scope_-_Delete_-_Try": {
          "actions": {
            "Parse_JSON_-_Record": {
              "runAfter": {},
              "metadata": {
                "operationMetadataId": "e563003c-8b6d-4d11-a215-2889820722ee"
              },
              "type": "ParseJson",
              "inputs": {
                "content": "@triggerBody()['text_2']",
                "schema": {
                  "type": "object",
                  "properties": {
                    "appendchanges": {
                      "type": [
                        "boolean",
                        "null"
                      ]
                    },
                    "columntype": {
                      "type": "string"
                    },
                    "defaultvalue_slot": {
                      "type": [
                        "string",
                        "null"
                      ]
                    },
                    "description": {
                      "type": [
                        "string",
                        "null"
                      ]
                    },
                    "displayname": {
                      "type": "string"
                    },
                    "docliblist": {
                      "type": "string"
                    },
                    "docliblisttype": {
                      "type": "string"
                    },
                    "guid": {
                      "type": "string"
                    },
                    "internalname": {
                      "type": "string"
                    },
                    "maxnumberofchar": {
                      "type": [
                        "integer",
                        "null"
                      ]
                    },
                    "numberoflines": {
                      "type": [
                        "integer",
                        "null"
                      ]
                    },
                    "requiredata": {
                      "type": [
                        "boolean",
                        "null"
                      ]
                    },
                    "schema": {
                      "type": "integer"
                    },
                    "uniquevalues": {
                      "type": [
                        "boolean",
                        "null"
                      ]
                    }
                  }
                }
              }
            },
            "Condition_-_Schema_-_1": {
              "actions": {
                "Send_an_HTTP_request_to_SharePoint_-_DocLibList": {
                  "runAfter": {},
                  "limit": {
                    "timeout": "PT24S"
                  },
                  "metadata": {
                    "operationMetadataId": "f5249927-e004-414c-b7fa-fa92b0f2bb9e"
                  },
                  "type": "OpenApiConnection",
                  "inputs": {
                    "host": {
                      "connectionName": "shared_sharepointonline_1",
                      "operationId": "HttpRequest",
                      "apiId": "/providers/Microsoft.PowerApps/apis/shared_sharepointonline"
                    },
                    "parameters": {
                      "dataset": "@triggerBody()['text']",
                      "parameters/method": "GET",
                      "parameters/uri": "/_api/web/lists/getbytitle('@{body('Parse_JSON_-_Record')?['docliblist']}')"
                    },
                    "authentication": "@parameters('$authentication')",
                    "retryPolicy": {
                      "type": "none"
                    }
                  }
                },
                "Parse_JSON_-_DocLibList": {
                  "runAfter": {
                    "Send_an_HTTP_request_to_SharePoint_-_DocLibList": [
                      "Succeeded"
                    ]
                  },
                  "metadata": {
                    "operationMetadataId": "c9c6e347-da28-4d9f-845f-842a8b2cfc7f"
                  },
                  "type": "ParseJson",
                  "inputs": {
                    "content": "@body('Send_an_HTTP_request_to_SharePoint_-_DocLibList')",
                    "schema": {
                      "type": "object",
                      "properties": {
                        "d": {
                          "type": "object",
                          "properties": {
                            "__metadata": {
                              "type": "object",
                              "properties": {
                                "id": {
                                  "type": "string"
                                },
                                "uri": {
                                  "type": "string"
                                },
                                "etag": {
                                  "type": "string"
                                },
                                "type": {
                                  "type": "string"
                                }
                              }
                            },
                            "FirstUniqueAncestorSecurableObject": {
                              "type": "object",
                              "properties": {
                                "__deferred": {
                                  "type": "object",
                                  "properties": {
                                    "uri": {
                                      "type": "string"
                                    }
                                  }
                                }
                              }
                            },
                            "RoleAssignments": {
                              "type": "object",
                              "properties": {
                                "__deferred": {
                                  "type": "object",
                                  "properties": {
                                    "uri": {
                                      "type": "string"
                                    }
                                  }
                                }
                              }
                            },
                            "Author": {
                              "type": "object",
                              "properties": {
                                "__deferred": {
                                  "type": "object",
                                  "properties": {
                                    "uri": {
                                      "type": "string"
                                    }
                                  }
                                }
                              }
                            },
                            "ContentTypes": {
                              "type": "object",
                              "properties": {
                                "__deferred": {
                                  "type": "object",
                                  "properties": {
                                    "uri": {
                                      "type": "string"
                                    }
                                  }
                                }
                              }
                            },
                            "CreatablesInfo": {
                              "type": "object",
                              "properties": {
                                "__deferred": {
                                  "type": "object",
                                  "properties": {
                                    "uri": {
                                      "type": "string"
                                    }
                                  }
                                }
                              }
                            },
                            "DefaultView": {
                              "type": "object",
                              "properties": {
                                "__deferred": {
                                  "type": "object",
                                  "properties": {
                                    "uri": {
                                      "type": "string"
                                    }
                                  }
                                }
                              }
                            },
                            "DescriptionResource": {
                              "type": "object",
                              "properties": {
                                "__deferred": {
                                  "type": "object",
                                  "properties": {
                                    "uri": {
                                      "type": "string"
                                    }
                                  }
                                }
                              }
                            },
                            "EventReceivers": {
                              "type": "object",
                              "properties": {
                                "__deferred": {
                                  "type": "object",
                                  "properties": {
                                    "uri": {
                                      "type": "string"
                                    }
                                  }
                                }
                              }
                            },
                            "Fields": {
                              "type": "object",
                              "properties": {
                                "__deferred": {
                                  "type": "object",
                                  "properties": {
                                    "uri": {
                                      "type": "string"
                                    }
                                  }
                                }
                              }
                            },
                            "Forms": {
                              "type": "object",
                              "properties": {
                                "__deferred": {
                                  "type": "object",
                                  "properties": {
                                    "uri": {
                                      "type": "string"
                                    }
                                  }
                                }
                              }
                            },
                            "InformationRightsManagementSettings": {
                              "type": "object",
                              "properties": {
                                "__deferred": {
                                  "type": "object",
                                  "properties": {
                                    "uri": {
                                      "type": "string"
                                    }
                                  }
                                }
                              }
                            },
                            "Items": {
                              "type": "object",
                              "properties": {
                                "__deferred": {
                                  "type": "object",
                                  "properties": {
                                    "uri": {
                                      "type": "string"
                                    }
                                  }
                                }
                              }
                            },
                            "ParentWeb": {
                              "type": "object",
                              "properties": {
                                "__deferred": {
                                  "type": "object",
                                  "properties": {
                                    "uri": {
                                      "type": "string"
                                    }
                                  }
                                }
                              }
                            },
                            "RootFolder": {
                              "type": "object",
                              "properties": {
                                "__deferred": {
                                  "type": "object",
                                  "properties": {
                                    "uri": {
                                      "type": "string"
                                    }
                                  }
                                }
                              }
                            },
                            "Subscriptions": {
                              "type": "object",
                              "properties": {
                                "__deferred": {
                                  "type": "object",
                                  "properties": {
                                    "uri": {
                                      "type": "string"
                                    }
                                  }
                                }
                              }
                            },
                            "TitleResource": {
                              "type": "object",
                              "properties": {
                                "__deferred": {
                                  "type": "object",
                                  "properties": {
                                    "uri": {
                                      "type": "string"
                                    }
                                  }
                                }
                              }
                            },
                            "UserCustomActions": {
                              "type": "object",
                              "properties": {
                                "__deferred": {
                                  "type": "object",
                                  "properties": {
                                    "uri": {
                                      "type": "string"
                                    }
                                  }
                                }
                              }
                            },
                            "VersionPolicies": {
                              "type": "object",
                              "properties": {
                                "__deferred": {
                                  "type": "object",
                                  "properties": {
                                    "uri": {
                                      "type": "string"
                                    }
                                  }
                                }
                              }
                            },
                            "Views": {
                              "type": "object",
                              "properties": {
                                "__deferred": {
                                  "type": "object",
                                  "properties": {
                                    "uri": {
                                      "type": "string"
                                    }
                                  }
                                }
                              }
                            },
                            "WorkflowAssociations": {
                              "type": "object",
                              "properties": {
                                "__deferred": {
                                  "type": "object",
                                  "properties": {
                                    "uri": {
                                      "type": "string"
                                    }
                                  }
                                }
                              }
                            },
                            "AllowContentTypes": {
                              "type": "boolean"
                            },
                            "BaseTemplate": {
                              "type": "integer"
                            },
                            "BaseType": {
                              "type": "integer"
                            },
                            "ContentTypesEnabled": {
                              "type": "boolean"
                            },
                            "CrawlNonDefaultViews": {
                              "type": "boolean"
                            },
                            "Created": {
                              "type": "string"
                            },
                            "CurrentChangeToken": {
                              "type": "object",
                              "properties": {
                                "__metadata": {
                                  "type": "object",
                                  "properties": {
                                    "type": {
                                      "type": "string"
                                    }
                                  }
                                },
                                "StringValue": {
                                  "type": "string"
                                }
                              }
                            },
                            "DefaultContentApprovalWorkflowId": {
                              "type": "string"
                            },
                            "DefaultItemOpenUseListSetting": {
                              "type": "boolean"
                            },
                            "Description": {
                              "type": "string"
                            },
                            "Direction": {
                              "type": "string"
                            },
                            "DisableCommenting": {
                              "type": "boolean"
                            },
                            "DisableGridEditing": {
                              "type": "boolean"
                            },
                            "DocumentTemplateUrl": {},
                            "DraftVersionVisibility": {
                              "type": "integer"
                            },
                            "EnableAttachments": {
                              "type": "boolean"
                            },
                            "EnableFolderCreation": {
                              "type": "boolean"
                            },
                            "EnableMinorVersions": {
                              "type": "boolean"
                            },
                            "EnableModeration": {
                              "type": "boolean"
                            },
                            "EnableRequestSignOff": {
                              "type": "boolean"
                            },
                            "EnableVersioning": {
                              "type": "boolean"
                            },
                            "EntityTypeName": {
                              "type": "string"
                            },
                            "ExemptFromBlockDownloadOfNonViewableFiles": {
                              "type": "boolean"
                            },
                            "FileSavePostProcessingEnabled": {
                              "type": "boolean"
                            },
                            "ForceCheckout": {
                              "type": "boolean"
                            },
                            "HasExternalDataSource": {
                              "type": "boolean"
                            },
                            "Hidden": {
                              "type": "boolean"
                            },
                            "Id": {
                              "type": "string"
                            },
                            "ImagePath": {
                              "type": "object",
                              "properties": {
                                "__metadata": {
                                  "type": "object",
                                  "properties": {
                                    "type": {
                                      "type": "string"
                                    }
                                  }
                                },
                                "DecodedUrl": {
                                  "type": "string"
                                }
                              }
                            },
                            "ImageUrl": {
                              "type": "string"
                            },
                            "DefaultSensitivityLabelForLibrary": {
                              "type": "string"
                            },
                            "SensitivityLabelToEncryptOnDOwnloadForLibrary": {},
                            "IrmEnabled": {
                              "type": "boolean"
                            },
                            "IrmExpire": {
                              "type": "boolean"
                            },
                            "IrmReject": {
                              "type": "boolean"
                            },
                            "IsApplicationList": {
                              "type": "boolean"
                            },
                            "IsCatalog": {
                              "type": "boolean"
                            },
                            "IsPrivate": {
                              "type": "boolean"
                            },
                            "ItemCount": {
                              "type": "integer"
                            },
                            "LastItemDeletedDate": {
                              "type": "string"
                            },
                            "LastItemModifiedDate": {
                              "type": "string"
                            },
                            "LastItemUserModifiedDate": {
                              "type": "string"
                            },
                            "ListExperienceOptions": {
                              "type": "integer"
                            },
                            "ListItemEntityTypeFullName": {
                              "type": "string"
                            },
                            "MajorVersionLimit": {
                              "type": "integer"
                            },
                            "MajorWithMinorVersionsLimit": {
                              "type": "integer"
                            },
                            "MultipleDataList": {
                              "type": "boolean"
                            },
                            "NoCrawl": {
                              "type": "boolean"
                            },
                            "ParentWebPath": {
                              "type": "object",
                              "properties": {
                                "__metadata": {
                                  "type": "object",
                                  "properties": {
                                    "type": {
                                      "type": "string"
                                    }
                                  }
                                },
                                "DecodedUrl": {
                                  "type": "string"
                                }
                              }
                            },
                            "ParentWebUrl": {
                              "type": "string"
                            },
                            "ParserDisabled": {
                              "type": "boolean"
                            },
                            "ServerTemplateCanCreateFolders": {
                              "type": "boolean"
                            },
                            "TemplateFeatureId": {
                              "type": "string"
                            },
                            "Title": {
                              "type": "string"
                            }
                          }
                        }
                      }
                    }
                  }
                },
                "Send_an_HTTP_request_to_SharePoint_-_Column": {
                  "runAfter": {
                    "Parse_JSON_-_DocLibList": [
                      "Succeeded"
                    ]
                  },
                  "limit": {
                    "timeout": "PT24S"
                  },
                  "metadata": {
                    "operationMetadataId": "d0dfc73f-445b-4a4e-9a4c-77157d86472b"
                  },
                  "type": "OpenApiConnection",
                  "inputs": {
                    "host": {
                      "connectionName": "shared_sharepointonline_1",
                      "operationId": "HttpRequest",
                      "apiId": "/providers/Microsoft.PowerApps/apis/shared_sharepointonline"
                    },
                    "parameters": {
                      "dataset": "@triggerBody()['text']",
                      "parameters/method": "GET",
                      "parameters/uri": "/_api/web/lists(guid'@{body('Parse_JSON_-_DocLibList')?['d']?['Id']}')/fields/getbytitle('@{body('Parse_JSON_-_Record')?['displayname']}')"
                    },
                    "authentication": "@parameters('$authentication')",
                    "retryPolicy": {
                      "type": "none"
                    }
                  }
                },
                "Parse_JSON_-_Column": {
                  "runAfter": {
                    "Send_an_HTTP_request_to_SharePoint_-_Column": [
                      "Succeeded"
                    ]
                  },
                  "metadata": {
                    "operationMetadataId": "3be7a63f-d6a8-4d19-a633-3b8c069f0afd"
                  },
                  "type": "ParseJson",
                  "inputs": {
                    "content": "@body('Send_an_HTTP_request_to_SharePoint_-_Column')",
                    "schema": {
                      "type": "object",
                      "properties": {
                        "d": {
                          "type": "object",
                          "properties": {
                            "__metadata": {
                              "type": "object",
                              "properties": {
                                "id": {
                                  "type": "string"
                                },
                                "uri": {
                                  "type": "string"
                                },
                                "type": {
                                  "type": "string"
                                }
                              }
                            },
                            "DescriptionResource": {
                              "type": "object",
                              "properties": {
                                "__deferred": {
                                  "type": "object",
                                  "properties": {
                                    "uri": {
                                      "type": "string"
                                    }
                                  }
                                }
                              }
                            },
                            "TitleResource": {
                              "type": "object",
                              "properties": {
                                "__deferred": {
                                  "type": "object",
                                  "properties": {
                                    "uri": {
                                      "type": "string"
                                    }
                                  }
                                }
                              }
                            },
                            "AutoIndexed": {
                              "type": "boolean"
                            },
                            "CanBeDeleted": {
                              "type": "boolean"
                            },
                            "ClientSideComponentId": {
                              "type": "string"
                            },
                            "ClientSideComponentProperties": {},
                            "ClientValidationFormula": {},
                            "ClientValidationMessage": {},
                            "CustomFormatter": {},
                            "DefaultFormula": {},
                            "DefaultValue": {},
                            "Description": {
                              "type": "string"
                            },
                            "Direction": {
                              "type": "string"
                            },
                            "EnforceUniqueValues": {
                              "type": "boolean"
                            },
                            "EntityPropertyName": {
                              "type": "string"
                            },
                            "Filterable": {
                              "type": "boolean"
                            },
                            "FromBaseType": {
                              "type": "boolean"
                            },
                            "Group": {
                              "type": "string"
                            },
                            "Hidden": {
                              "type": "boolean"
                            },
                            "Id": {
                              "type": "string"
                            },
                            "Indexed": {
                              "type": "boolean"
                            },
                            "IndexStatus": {
                              "type": "integer"
                            },
                            "InternalName": {
                              "type": "string"
                            },
                            "IsModern": {
                              "type": "boolean"
                            },
                            "JSLink": {
                              "type": "string"
                            },
                            "PinnedToFiltersPane": {
                              "type": "boolean"
                            },
                            "ReadOnlyField": {
                              "type": "boolean"
                            },
                            "Required": {
                              "type": "boolean"
                            },
                            "SchemaXml": {
                              "type": "string"
                            },
                            "Scope": {
                              "type": "string"
                            },
                            "Sealed": {
                              "type": "boolean"
                            },
                            "ShowInFiltersPane": {
                              "type": "integer"
                            },
                            "Sortable": {
                              "type": "boolean"
                            },
                            "StaticName": {
                              "type": "string"
                            },
                            "Title": {
                              "type": "string"
                            },
                            "FieldTypeKind": {
                              "type": "integer"
                            },
                            "TypeAsString": {
                              "type": "string"
                            },
                            "TypeDisplayName": {
                              "type": "string"
                            },
                            "TypeShortDescription": {
                              "type": "string"
                            },
                            "ValidationFormula": {},
                            "ValidationMessage": {},
                            "MaxLength": {
                              "type": "integer"
                            }
                          }
                        }
                      }
                    }
                  }
                },
                "Send_an_HTTP_request_to_SharePoint_-_Delete": {
                  "runAfter": {
                    "Parse_JSON_-_Column": [
                      "Succeeded"
                    ]
                  },
                  "limit": {
                    "timeout": "PT24S"
                  },
                  "metadata": {
                    "operationMetadataId": "1ef98ec8-ff6d-46b7-b0fa-9dc5aee81193"
                  },
                  "type": "OpenApiConnection",
                  "inputs": {
                    "host": {
                      "connectionName": "shared_sharepointonline_1",
                      "operationId": "HttpRequest",
                      "apiId": "/providers/Microsoft.PowerApps/apis/shared_sharepointonline"
                    },
                    "parameters": {
                      "dataset": "@triggerBody()['text']",
                      "parameters/method": "POST",
                      "parameters/uri": "/_api/web/lists(guid'@{body('Parse_JSON_-_DocLibList')?['d']?['Id']}')/fields('@{body('Parse_JSON_-_Column')?['d']?['Id']}')",
                      "parameters/headers": {
                        "X-HTTP-Method": "DELETE"
                      }
                    },
                    "authentication": "@parameters('$authentication')",
                    "retryPolicy": {
                      "type": "none"
                    }
                  }
                }
              },
              "runAfter": {
                "Parse_JSON_-_Record": [
                  "Succeeded"
                ]
              },
              "expression": {
                "equals": [
                  "@body('Parse_JSON_-_Record')?['schema']",
                  1
                ]
              },
              "metadata": {
                "operationMetadataId": "30350cf2-3ec4-4122-961b-deb6eab27a55"
              },
              "type": "If"
            }
          },
          "runAfter": {
            "Initialize_variable_-_varErrorMessage": [
              "Succeeded"
            ]
          },
          "metadata": {
            "operationMetadataId": "8c900ba0-cf79-4cae-8d16-bb9f10a82505"
          },
          "type": "Scope"
        },
        "Scope_-_Delete_-_Catch": {
          "actions": {
            "Set_variable_-_varError": {
              "runAfter": {},
              "metadata": {
                "operationMetadataId": "470a2e14-2eea-45e8-80a3-a8412de47b9f"
              },
              "type": "SetVariable",
              "inputs": {
                "name": "varError",
                "value": "@true"
              }
            },
            "Filter_array": {
              "runAfter": {
                "Set_variable_-_varError": [
                  "Succeeded"
                ]
              },
              "metadata": {
                "operationMetadataId": "033cbdad-df9a-4b43-a0e2-be2a4cde8324"
              },
              "type": "Query",
              "inputs": {
                "from": "@result('Scope_-_Delete_-_Try')",
                "where": "@or(equals(item()?['Status'], 'Failed'), equals(item()?['Status'], 'TimedOut'))"
              }
            },
            "Set_variable_-_varErrorMessage": {
              "runAfter": {
                "Filter_array": [
                  "Succeeded"
                ]
              },
              "metadata": {
                "operationMetadataId": "f9426ba7-69ab-484b-ba23-2cf4ac334b76"
              },
              "type": "SetVariable",
              "inputs": {
                "name": "varErrorMessage",
                "value": "@{concat(first(body('Filter_array'))?['name'],'|#|',first(body('Filter_array'))?['code'])}"
              }
            }
          },
          "runAfter": {
            "Scope_-_Delete_-_Try": [
              "Failed",
              "TimedOut"
            ]
          },
          "metadata": {
            "operationMetadataId": "b3d90106-8411-483f-99c1-2a081fdb11a3"
          },
          "type": "Scope"
        },
        "Scope_-_Delete_-_Finally": {
          "actions": {
            "Condition_-_varError": {
              "actions": {
                "Respond_to_a_PowerApp_or_flow": {
                  "runAfter": {},
                  "metadata": {
                    "operationMetadataId": "4157d412-dce8-40d1-8d13-1a0900bd27b2"
                  },
                  "type": "Response",
                  "kind": "PowerApp",
                  "inputs": {
                    "statusCode": 200,
                    "body": {
                      "response": "OK",
                      "message": "@variables('varErrorMessage')"
                    },
                    "schema": {
                      "type": "object",
                      "properties": {
                        "response": {
                          "title": "Response",
                          "x-ms-dynamically-added": true,
                          "type": "string"
                        },
                        "message": {
                          "title": "Message",
                          "x-ms-dynamically-added": true,
                          "type": "string"
                        }
                      }
                    }
                  }
                }
              },
              "runAfter": {},
              "else": {
                "actions": {
                  "Respond_to_a_PowerApp_or_flow_-_OK": {
                    "runAfter": {},
                    "metadata": {
                      "operationMetadataId": "014c2100-7300-4960-9189-0c1a3f6ba90b"
                    },
                    "type": "Response",
                    "kind": "PowerApp",
                    "inputs": {
                      "statusCode": 200,
                      "body": {
                        "response": "OK",
                        "message": "-"
                      },
                      "schema": {
                        "type": "object",
                        "properties": {
                          "response": {
                            "title": "Response",
                            "x-ms-dynamically-added": true,
                            "type": "string"
                          },
                          "message": {
                            "title": "Message",
                            "x-ms-dynamically-added": true,
                            "type": "string"
                          }
                        }
                      }
                    }
                  }
                }
              },
              "expression": {
                "equals": [
                  "@variables('varError')",
                  "@true"
                ]
              },
              "metadata": {
                "operationMetadataId": "1afffd2c-cfb7-405c-95d8-48eaf7289277"
              },
              "type": "If"
            }
          },
          "runAfter": {
            "Scope_-_Delete_-_Catch": [
              "Succeeded",
              "Failed",
              "Skipped",
              "TimedOut"
            ]
          },
          "metadata": {
            "operationMetadataId": "21d9da7c-57d7-451d-9a7b-c5e47778971f"
          },
          "type": "Scope"
        }
      }
    },
    "templateName": ""
  },
  "schemaVersion": "1.0.0.0"
}