{
  "properties": {
    "connectionReferences": {
      "shared_sharepointonline_1": {
        "runtimeSource": "invoker",
        "connection": {
          "connectionReferenceLogicalName": "faf_SharePointSPOT"
        },
        "api": {
          "name": "shared_sharepointonline"
        }
      }
    },
    "definition": {
      "$schema": "https://schema.management.azure.com/providers/Microsoft.Logic/schemas/2016-06-01/workflowdefinition.json#",
      "contentVersion": "1.0.0.0",
      "parameters": {
        "$connections": {
          "defaultValue": {},
          "type": "Object"
        },
        "$authentication": {
          "defaultValue": {},
          "type": "SecureObject"
        }
      },
      "triggers": {
        "manual": {
          "metadata": {
            "operationMetadataId": "0457b0c7-be79-42b5-9882-6fc634733832"
          },
          "type": "Request",
          "kind": "PowerAppV2",
          "inputs": {
            "schema": {
              "type": "object",
              "properties": {
                "text": {
                  "title": "siteurl",
                  "type": "string",
                  "x-ms-dynamically-added": true,
                  "description": "Please enter your input",
                  "x-ms-content-hint": "TEXT"
                },
                "text_1": {
                  "title": "schema",
                  "type": "string",
                  "x-ms-dynamically-added": true,
                  "description": "Please enter your input",
                  "x-ms-content-hint": "TEXT"
                },
                "text_2": {
                  "title": "record",
                  "type": "string",
                  "x-ms-dynamically-added": true,
                  "description": "Please enter your input",
                  "x-ms-content-hint": "TEXT"
                }
              },
              "required": [
                "text",
                "text_1",
                "text_2"
              ]
            }
          }
        }
      },
      "actions": {
        "Initialize_variable_-_varError": {
          "runAfter": {},
          "metadata": {
            "operationMetadataId": "0b4dca75-7dad-42d9-b124-503be7eb8834"
          },
          "type": "InitializeVariable",
          "inputs": {
            "variables": [
              {
                "name": "varError",
                "type": "boolean",
                "value": "@false"
              }
            ]
          }
        },
        "Initialize_variable_-_varErrorMessage": {
          "runAfter": {
            "Initialize_variable_-_varError": [
              "Succeeded"
            ]
          },
          "metadata": {
            "operationMetadataId": "a24ebc80-444a-4101-bfc2-324439b3b785"
          },
          "type": "InitializeVariable",
          "inputs": {
            "variables": [
              {
                "name": "varErrorMessage",
                "type": "string"
              }
            ]
          }
        },
        "Scope_-_Delete_-_Try": {
          "actions": {
            "Parse_JSON_-_Record": {
              "runAfter": {},
              "metadata": {
                "operationMetadataId": "e7717f9a-200b-4706-a051-1e9951f6a43c"
              },
              "type": "ParseJson",
              "inputs": {
                "content": "@triggerBody()['text_2']",
                "schema": {
                  "type": "object",
                  "properties": {
                    "displayname": {
                      "type": "string"
                    },
                    "docliblist": {
                      "type": "string"
                    },
                    "docliblisttype": {
                      "type": "string"
                    },
                    "group": {
                      "type": "string"
                    },
                    "guid": {
                      "type": "string"
                    },
                    "permissionlevel": {
                      "type": "string"
                    },
                    "schema": {
                      "type": "integer"
                    }
                  }
                }
              }
            },
            "Send_an_HTTP_request_to_SharePoint_-_DocLibList": {
              "runAfter": {
                "Parse_JSON_-_Record": [
                  "Succeeded"
                ]
              },
              "limit": {
                "timeout": "PT24S"
              },
              "metadata": {
                "operationMetadataId": "411debb0-abb2-475d-84e7-023faab46db8"
              },
              "type": "OpenApiConnection",
              "inputs": {
                "host": {
                  "connectionName": "shared_sharepointonline_1",
                  "operationId": "HttpRequest",
                  "apiId": "/providers/Microsoft.PowerApps/apis/shared_sharepointonline"
                },
                "parameters": {
                  "dataset": "@triggerBody()['text']",
                  "parameters/method": "GET",
                  "parameters/uri": "/_api/web/lists/getbytitle('@{body('Parse_JSON_-_Record')?['docliblist']}')"
                },
                "authentication": "@parameters('$authentication')",
                "retryPolicy": {
                  "type": "none"
                }
              }
            },
            "Parse_JSON_-_DocLibList": {
              "runAfter": {
                "Send_an_HTTP_request_to_SharePoint_-_DocLibList": [
                  "Succeeded"
                ]
              },
              "metadata": {
                "operationMetadataId": "d39a3132-b676-4579-94fa-6c4d8f7dca14"
              },
              "type": "ParseJson",
              "inputs": {
                "content": "@body('Send_an_HTTP_request_to_SharePoint_-_DocLibList')",
                "schema": {
                  "type": "object",
                  "properties": {
                    "d": {
                      "type": "object",
                      "properties": {
                        "__metadata": {
                          "type": "object",
                          "properties": {
                            "id": {
                              "type": "string"
                            },
                            "uri": {
                              "type": "string"
                            },
                            "etag": {
                              "type": "string"
                            },
                            "type": {
                              "type": "string"
                            }
                          }
                        },
                        "FirstUniqueAncestorSecurableObject": {
                          "type": "object",
                          "properties": {
                            "__deferred": {
                              "type": "object",
                              "properties": {
                                "uri": {
                                  "type": "string"
                                }
                              }
                            }
                          }
                        },
                        "RoleAssignments": {
                          "type": "object",
                          "properties": {
                            "__deferred": {
                              "type": "object",
                              "properties": {
                                "uri": {
                                  "type": "string"
                                }
                              }
                            }
                          }
                        },
                        "Author": {
                          "type": "object",
                          "properties": {
                            "__deferred": {
                              "type": "object",
                              "properties": {
                                "uri": {
                                  "type": "string"
                                }
                              }
                            }
                          }
                        },
                        "ContentTypes": {
                          "type": "object",
                          "properties": {
                            "__deferred": {
                              "type": "object",
                              "properties": {
                                "uri": {
                                  "type": "string"
                                }
                              }
                            }
                          }
                        },
                        "CreatablesInfo": {
                          "type": "object",
                          "properties": {
                            "__deferred": {
                              "type": "object",
                              "properties": {
                                "uri": {
                                  "type": "string"
                                }
                              }
                            }
                          }
                        },
                        "DefaultView": {
                          "type": "object",
                          "properties": {
                            "__deferred": {
                              "type": "object",
                              "properties": {
                                "uri": {
                                  "type": "string"
                                }
                              }
                            }
                          }
                        },
                        "DescriptionResource": {
                          "type": "object",
                          "properties": {
                            "__deferred": {
                              "type": "object",
                              "properties": {
                                "uri": {
                                  "type": "string"
                                }
                              }
                            }
                          }
                        },
                        "EventReceivers": {
                          "type": "object",
                          "properties": {
                            "__deferred": {
                              "type": "object",
                              "properties": {
                                "uri": {
                                  "type": "string"
                                }
                              }
                            }
                          }
                        },
                        "Fields": {
                          "type": "object",
                          "properties": {
                            "__deferred": {
                              "type": "object",
                              "properties": {
                                "uri": {
                                  "type": "string"
                                }
                              }
                            }
                          }
                        },
                        "Forms": {
                          "type": "object",
                          "properties": {
                            "__deferred": {
                              "type": "object",
                              "properties": {
                                "uri": {
                                  "type": "string"
                                }
                              }
                            }
                          }
                        },
                        "InformationRightsManagementSettings": {
                          "type": "object",
                          "properties": {
                            "__deferred": {
                              "type": "object",
                              "properties": {
                                "uri": {
                                  "type": "string"
                                }
                              }
                            }
                          }
                        },
                        "Items": {
                          "type": "object",
                          "properties": {
                            "__deferred": {
                              "type": "object",
                              "properties": {
                                "uri": {
                                  "type": "string"
                                }
                              }
                            }
                          }
                        },
                        "ParentWeb": {
                          "type": "object",
                          "properties": {
                            "__deferred": {
                              "type": "object",
                              "properties": {
                                "uri": {
                                  "type": "string"
                                }
                              }
                            }
                          }
                        },
                        "RootFolder": {
                          "type": "object",
                          "properties": {
                            "__deferred": {
                              "type": "object",
                              "properties": {
                                "uri": {
                                  "type": "string"
                                }
                              }
                            }
                          }
                        },
                        "Subscriptions": {
                          "type": "object",
                          "properties": {
                            "__deferred": {
                              "type": "object",
                              "properties": {
                                "uri": {
                                  "type": "string"
                                }
                              }
                            }
                          }
                        },
                        "TitleResource": {
                          "type": "object",
                          "properties": {
                            "__deferred": {
                              "type": "object",
                              "properties": {
                                "uri": {
                                  "type": "string"
                                }
                              }
                            }
                          }
                        },
                        "UserCustomActions": {
                          "type": "object",
                          "properties": {
                            "__deferred": {
                              "type": "object",
                              "properties": {
                                "uri": {
                                  "type": "string"
                                }
                              }
                            }
                          }
                        },
                        "VersionPolicies": {
                          "type": "object",
                          "properties": {
                            "__deferred": {
                              "type": "object",
                              "properties": {
                                "uri": {
                                  "type": "string"
                                }
                              }
                            }
                          }
                        },
                        "Views": {
                          "type": "object",
                          "properties": {
                            "__deferred": {
                              "type": "object",
                              "properties": {
                                "uri": {
                                  "type": "string"
                                }
                              }
                            }
                          }
                        },
                        "WorkflowAssociations": {
                          "type": "object",
                          "properties": {
                            "__deferred": {
                              "type": "object",
                              "properties": {
                                "uri": {
                                  "type": "string"
                                }
                              }
                            }
                          }
                        },
                        "AllowContentTypes": {
                          "type": "boolean"
                        },
                        "BaseTemplate": {
                          "type": "integer"
                        },
                        "BaseType": {
                          "type": "integer"
                        },
                        "ContentTypesEnabled": {
                          "type": "boolean"
                        },
                        "CrawlNonDefaultViews": {
                          "type": "boolean"
                        },
                        "Created": {
                          "type": "string"
                        },
                        "CurrentChangeToken": {
                          "type": "object",
                          "properties": {
                            "__metadata": {
                              "type": "object",
                              "properties": {
                                "type": {
                                  "type": "string"
                                }
                              }
                            },
                            "StringValue": {
                              "type": "string"
                            }
                          }
                        },
                        "DefaultContentApprovalWorkflowId": {
                          "type": "string"
                        },
                        "DefaultItemOpenUseListSetting": {
                          "type": "boolean"
                        },
                        "Description": {
                          "type": "string"
                        },
                        "Direction": {
                          "type": "string"
                        },
                        "DisableCommenting": {
                          "type": "boolean"
                        },
                        "DisableGridEditing": {
                          "type": "boolean"
                        },
                        "DocumentTemplateUrl": {},
                        "DraftVersionVisibility": {
                          "type": "integer"
                        },
                        "EnableAttachments": {
                          "type": "boolean"
                        },
                        "EnableFolderCreation": {
                          "type": "boolean"
                        },
                        "EnableMinorVersions": {
                          "type": "boolean"
                        },
                        "EnableModeration": {
                          "type": "boolean"
                        },
                        "EnableRequestSignOff": {
                          "type": "boolean"
                        },
                        "EnableVersioning": {
                          "type": "boolean"
                        },
                        "EntityTypeName": {
                          "type": "string"
                        },
                        "ExemptFromBlockDownloadOfNonViewableFiles": {
                          "type": "boolean"
                        },
                        "FileSavePostProcessingEnabled": {
                          "type": "boolean"
                        },
                        "ForceCheckout": {
                          "type": "boolean"
                        },
                        "HasExternalDataSource": {
                          "type": "boolean"
                        },
                        "Hidden": {
                          "type": "boolean"
                        },
                        "Id": {
                          "type": "string"
                        },
                        "ImagePath": {
                          "type": "object",
                          "properties": {
                            "__metadata": {
                              "type": "object",
                              "properties": {
                                "type": {
                                  "type": "string"
                                }
                              }
                            },
                            "DecodedUrl": {
                              "type": "string"
                            }
                          }
                        },
                        "ImageUrl": {
                          "type": "string"
                        },
                        "DefaultSensitivityLabelForLibrary": {
                          "type": "string"
                        },
                        "SensitivityLabelToEncryptOnDOwnloadForLibrary": {},
                        "IrmEnabled": {
                          "type": "boolean"
                        },
                        "IrmExpire": {
                          "type": "boolean"
                        },
                        "IrmReject": {
                          "type": "boolean"
                        },
                        "IsApplicationList": {
                          "type": "boolean"
                        },
                        "IsCatalog": {
                          "type": "boolean"
                        },
                        "IsPrivate": {
                          "type": "boolean"
                        },
                        "ItemCount": {
                          "type": "integer"
                        },
                        "LastItemDeletedDate": {
                          "type": "string"
                        },
                        "LastItemModifiedDate": {
                          "type": "string"
                        },
                        "LastItemUserModifiedDate": {
                          "type": "string"
                        },
                        "ListExperienceOptions": {
                          "type": "integer"
                        },
                        "ListItemEntityTypeFullName": {
                          "type": "string"
                        },
                        "MajorVersionLimit": {
                          "type": "integer"
                        },
                        "MajorWithMinorVersionsLimit": {
                          "type": "integer"
                        },
                        "MultipleDataList": {
                          "type": "boolean"
                        },
                        "NoCrawl": {
                          "type": "boolean"
                        },
                        "ParentWebPath": {
                          "type": "object",
                          "properties": {
                            "__metadata": {
                              "type": "object",
                              "properties": {
                                "type": {
                                  "type": "string"
                                }
                              }
                            },
                            "DecodedUrl": {
                              "type": "string"
                            }
                          }
                        },
                        "ParentWebUrl": {
                          "type": "string"
                        },
                        "ParserDisabled": {
                          "type": "boolean"
                        },
                        "ServerTemplateCanCreateFolders": {
                          "type": "boolean"
                        },
                        "TemplateFeatureId": {
                          "type": "string"
                        },
                        "Title": {
                          "type": "string"
                        }
                      }
                    }
                  }
                }
              }
            },
            "Send_an_HTTP_request_to_SharePoint_-_Role_definition": {
              "runAfter": {
                "Parse_JSON_-_DocLibList": [
                  "Succeeded"
                ]
              },
              "limit": {
                "timeout": "PT24S"
              },
              "metadata": {
                "operationMetadataId": "4968ccb3-a059-4314-a67e-38979f6c5e23"
              },
              "type": "OpenApiConnection",
              "inputs": {
                "host": {
                  "connectionName": "shared_sharepointonline_1",
                  "operationId": "HttpRequest",
                  "apiId": "/providers/Microsoft.PowerApps/apis/shared_sharepointonline"
                },
                "parameters": {
                  "dataset": "@triggerBody()['text']",
                  "parameters/method": "GET",
                  "parameters/uri": "/_api/web/roledefinitions/getbyname('@{body('Parse_JSON_-_Record')?['permissionlevel']}')"
                },
                "authentication": "@parameters('$authentication')",
                "retryPolicy": {
                  "type": "none"
                }
              }
            },
            "Parse_JSON_-_Role_definition": {
              "runAfter": {
                "Send_an_HTTP_request_to_SharePoint_-_Role_definition": [
                  "Succeeded"
                ]
              },
              "metadata": {
                "operationMetadataId": "ee99bda6-1e60-41bd-8f34-e0029d4b5e2f"
              },
              "type": "ParseJson",
              "inputs": {
                "content": "@body('Send_an_HTTP_request_to_SharePoint_-_Role_definition')",
                "schema": {
                  "type": "object",
                  "properties": {
                    "d": {
                      "type": "object",
                      "properties": {
                        "__metadata": {
                          "type": "object",
                          "properties": {
                            "id": {
                              "type": "string"
                            },
                            "uri": {
                              "type": "string"
                            },
                            "type": {
                              "type": "string"
                            }
                          }
                        },
                        "BasePermissions": {
                          "type": "object",
                          "properties": {
                            "__metadata": {
                              "type": "object",
                              "properties": {
                                "type": {
                                  "type": "string"
                                }
                              }
                            },
                            "High": {
                              "type": "string"
                            },
                            "Low": {
                              "type": "string"
                            }
                          }
                        },
                        "Description": {
                          "type": "string"
                        },
                        "Hidden": {
                          "type": "boolean"
                        },
                        "Id": {
                          "type": "integer"
                        },
                        "Name": {
                          "type": "string"
                        },
                        "Order": {
                          "type": "integer"
                        },
                        "RoleTypeKind": {
                          "type": "integer"
                        }
                      }
                    }
                  }
                }
              }
            },
            "Send_an_HTTP_request_to_SharePoint_-_Group": {
              "runAfter": {
                "Parse_JSON_-_Role_definition": [
                  "Succeeded"
                ]
              },
              "limit": {
                "timeout": "PT24S"
              },
              "metadata": {
                "operationMetadataId": "0235a797-90c4-4218-b76b-8daba94a77ee"
              },
              "type": "OpenApiConnection",
              "inputs": {
                "host": {
                  "connectionName": "shared_sharepointonline_1",
                  "operationId": "HttpRequest",
                  "apiId": "/providers/Microsoft.PowerApps/apis/shared_sharepointonline"
                },
                "parameters": {
                  "dataset": "@triggerBody()['text']",
                  "parameters/method": "GET",
                  "parameters/uri": "/_api/web/SiteGroups/getbyname('@{body('Parse_JSON_-_Record')?['group']}')"
                },
                "authentication": "@parameters('$authentication')",
                "retryPolicy": {
                  "type": "none"
                }
              }
            },
            "Parse_JSON_-_Group": {
              "runAfter": {
                "Send_an_HTTP_request_to_SharePoint_-_Group": [
                  "Succeeded"
                ]
              },
              "metadata": {
                "operationMetadataId": "61759a47-06ef-4980-86bb-59dde8cf1b98"
              },
              "type": "ParseJson",
              "inputs": {
                "content": "@body('Send_an_HTTP_request_to_SharePoint_-_Group')",
                "schema": {
                  "type": "object",
                  "properties": {
                    "d": {
                      "type": "object",
                      "properties": {
                        "__metadata": {
                          "type": "object",
                          "properties": {
                            "id": {
                              "type": "string"
                            },
                            "uri": {
                              "type": "string"
                            },
                            "type": {
                              "type": "string"
                            }
                          }
                        },
                        "Owner": {
                          "type": "object",
                          "properties": {
                            "__deferred": {
                              "type": "object",
                              "properties": {
                                "uri": {
                                  "type": "string"
                                }
                              }
                            }
                          }
                        },
                        "Users": {
                          "type": "object",
                          "properties": {
                            "__deferred": {
                              "type": "object",
                              "properties": {
                                "uri": {
                                  "type": "string"
                                }
                              }
                            }
                          }
                        },
                        "Id": {
                          "type": "integer"
                        },
                        "IsHiddenInUI": {
                          "type": "boolean"
                        },
                        "LoginName": {
                          "type": "string"
                        },
                        "Title": {
                          "type": "string"
                        },
                        "PrincipalType": {
                          "type": "integer"
                        },
                        "AllowMembersEditMembership": {
                          "type": "boolean"
                        },
                        "AllowRequestToJoinLeave": {
                          "type": "boolean"
                        },
                        "AutoAcceptRequestToJoinLeave": {
                          "type": "boolean"
                        },
                        "Description": {
                          "type": "string"
                        },
                        "OnlyAllowMembersViewMembership": {
                          "type": "boolean"
                        },
                        "OwnerTitle": {
                          "type": "string"
                        },
                        "RequestToJoinLeaveEmailSetting": {}
                      }
                    }
                  }
                }
              }
            },
            "Send_an_HTTP_request_to_SharePoint_-_Delete": {
              "runAfter": {
                "Parse_JSON_-_Group": [
                  "Succeeded"
                ]
              },
              "limit": {
                "timeout": "PT24S"
              },
              "metadata": {
                "operationMetadataId": "263039c4-44e2-48b8-8e2d-504cbc306a3d"
              },
              "type": "OpenApiConnection",
              "inputs": {
                "host": {
                  "connectionName": "shared_sharepointonline_1",
                  "operationId": "HttpRequest",
                  "apiId": "/providers/Microsoft.PowerApps/apis/shared_sharepointonline"
                },
                "parameters": {
                  "dataset": "@triggerBody()['text']",
                  "parameters/method": "POST",
                  "parameters/uri": "/_api/web/lists/getbytitle('@{body('Parse_JSON_-_Record')?['docliblist']}')/roleassignments/removeroleassignment(principalid=@{body('Parse_JSON_-_Group')?['d']?['Id']}, roledefid=@{body('Parse_JSON_-_Role_definition')?['d']?['Id']})",
                  "parameters/headers": {
                    "accept": "application/json;odata=verbose"
                  }
                },
                "authentication": "@parameters('$authentication')",
                "retryPolicy": {
                  "type": "none"
                }
              }
            }
          },
          "runAfter": {
            "Initialize_variable_-_varErrorMessage": [
              "Succeeded"
            ]
          },
          "metadata": {
            "operationMetadataId": "c7307124-7c39-469e-b622-d2dfbe095114"
          },
          "type": "Scope"
        },
        "Scope_-_Delete_-_Catch": {
          "actions": {
            "Set_variable_-_varError": {
              "runAfter": {},
              "metadata": {
                "operationMetadataId": "fa051b96-2e44-44c6-8b9a-ba8573a88118"
              },
              "type": "SetVariable",
              "inputs": {
                "name": "varError",
                "value": "@true"
              }
            },
            "Filter_array": {
              "runAfter": {
                "Set_variable_-_varError": [
                  "Succeeded"
                ]
              },
              "metadata": {
                "operationMetadataId": "1f28a610-adc7-411d-8181-61f9920b3e03"
              },
              "type": "Query",
              "inputs": {
                "from": "@result('Scope_-_Delete_-_Try')",
                "where": "@or(equals(item()?['Status'], 'Failed'), equals(item()?['Status'], 'TimedOut'))"
              }
            },
            "Set_variable_-_varErrorMessage": {
              "runAfter": {
                "Filter_array": [
                  "Succeeded"
                ]
              },
              "metadata": {
                "operationMetadataId": "6b121534-a9ad-43c6-9ebb-e3561eca5294"
              },
              "type": "SetVariable",
              "inputs": {
                "name": "varErrorMessage",
                "value": "@{concat(first(body('Filter_array'))?['name'],'|#|',first(body('Filter_array'))?['code'])}"
              }
            }
          },
          "runAfter": {
            "Scope_-_Delete_-_Try": [
              "Failed",
              "TimedOut"
            ]
          },
          "metadata": {
            "operationMetadataId": "a34821d1-c21b-49a6-b78b-1b8374923457"
          },
          "type": "Scope"
        },
        "Scope_-_Delete_-_Finally": {
          "actions": {
            "Condition_-_varError": {
              "actions": {
                "Respond_to_a_PowerApp_or_flow_-_NOK": {
                  "runAfter": {},
                  "metadata": {
                    "operationMetadataId": "554907e7-0c48-493a-84f3-164f6a6e8fcb"
                  },
                  "type": "Response",
                  "kind": "PowerApp",
                  "inputs": {
                    "statusCode": 200,
                    "body": {
                      "response": "NOK",
                      "message": "@variables('varErrorMessage')"
                    },
                    "schema": {
                      "type": "object",
                      "properties": {
                        "response": {
                          "title": "Response",
                          "x-ms-dynamically-added": true,
                          "type": "string"
                        },
                        "message": {
                          "title": "Message",
                          "x-ms-dynamically-added": true,
                          "type": "string"
                        }
                      }
                    }
                  }
                }
              },
              "runAfter": {},
              "else": {
                "actions": {
                  "Respond_to_a_PowerApp_or_flow_-_OK": {
                    "runAfter": {},
                    "metadata": {
                      "operationMetadataId": "ae7ba6a4-9461-404d-b1b7-29fed238b17d"
                    },
                    "type": "Response",
                    "kind": "PowerApp",
                    "inputs": {
                      "statusCode": 200,
                      "body": {
                        "response": "OK",
                        "message": "-"
                      },
                      "schema": {
                        "type": "object",
                        "properties": {
                          "response": {
                            "title": "Response",
                            "x-ms-dynamically-added": true,
                            "type": "string"
                          },
                          "message": {
                            "title": "Message",
                            "x-ms-dynamically-added": true,
                            "type": "string"
                          }
                        }
                      }
                    }
                  }
                }
              },
              "expression": {
                "equals": [
                  "@variables('varError')",
                  "@true"
                ]
              },
              "metadata": {
                "operationMetadataId": "2b576829-2457-4118-ae67-86848338cbf5"
              },
              "type": "If"
            }
          },
          "runAfter": {
            "Scope_-_Delete_-_Catch": [
              "Succeeded",
              "Failed",
              "Skipped",
              "TimedOut"
            ]
          },
          "metadata": {
            "operationMetadataId": "6ab378a5-3207-4ee4-8879-8c6bf83faf93"
          },
          "type": "Scope"
        }
      }
    },
    "templateName": ""
  },
  "schemaVersion": "1.0.0.0"
}