{
  "properties": {
    "connectionReferences": {
      "shared_sharepointonline_1": {
        "runtimeSource": "invoker",
        "connection": {
          "connectionReferenceLogicalName": "faf_SharePointSPOT"
        },
        "api": {
          "name": "shared_sharepointonline"
        }
      }
    },
    "definition": {
      "$schema": "https://schema.management.azure.com/providers/Microsoft.Logic/schemas/2016-06-01/workflowdefinition.json#",
      "contentVersion": "1.0.0.0",
      "parameters": {
        "$connections": {
          "defaultValue": {},
          "type": "Object"
        },
        "$authentication": {
          "defaultValue": {},
          "type": "SecureObject"
        }
      },
      "triggers": {
        "manual": {
          "metadata": {
            "operationMetadataId": "11ffebf8-a81e-4a50-8428-08e95f0c7d39"
          },
          "type": "Request",
          "kind": "PowerAppV2",
          "inputs": {
            "schema": {
              "type": "object",
              "properties": {
                "text": {
                  "title": "siteurl",
                  "type": "string",
                  "x-ms-dynamically-added": true,
                  "description": "Please enter your input",
                  "x-ms-content-hint": "TEXT"
                },
                "text_1": {
                  "title": "schema",
                  "type": "string",
                  "x-ms-dynamically-added": true,
                  "description": "Please enter your input",
                  "x-ms-content-hint": "TEXT"
                },
                "text_2": {
                  "title": "record",
                  "type": "string",
                  "x-ms-dynamically-added": true,
                  "description": "Please enter your input",
                  "x-ms-content-hint": "TEXT"
                }
              },
              "required": [
                "text",
                "text_1",
                "text_2"
              ]
            }
          }
        }
      },
      "actions": {
        "Initialize_variable_-_varError": {
          "runAfter": {},
          "metadata": {
            "operationMetadataId": "e155b4c9-cd4e-4539-a90c-574a0aa76c0e"
          },
          "type": "InitializeVariable",
          "inputs": {
            "variables": [
              {
                "name": "varError",
                "type": "boolean",
                "value": "@false"
              }
            ]
          }
        },
        "Initialize_variable_-_varErrorMessage": {
          "runAfter": {
            "Initialize_variable_-_varError": [
              "Succeeded"
            ]
          },
          "metadata": {
            "operationMetadataId": "7aff38c4-7110-4b99-81f0-56d02718ff78"
          },
          "type": "InitializeVariable",
          "inputs": {
            "variables": [
              {
                "name": "varErrorMessage",
                "type": "string"
              }
            ]
          }
        },
        "Scope_-_Create_-_Try": {
          "actions": {
            "Parse_JSON_-_Record": {
              "runAfter": {},
              "metadata": {
                "operationMetadataId": "5396c778-9466-4d12-9e55-af6dfdde8e8e"
              },
              "type": "ParseJson",
              "inputs": {
                "content": "@triggerBody()['text_2']",
                "schema": {
                  "type": "object",
                  "properties": {
                    "displayname": {
                      "type": "string"
                    },
                    "docliblist": {
                      "type": "string"
                    },
                    "docliblisttype": {
                      "type": "string"
                    },
                    "guid": {
                      "type": "string"
                    },
                    "query": {
                      "type": "string"
                    },
                    "schema": {
                      "type": "integer"
                    }
                  }
                }
              }
            },
            "Send_an_HTTP_request_to_SharePoint_-_DocLibList": {
              "runAfter": {
                "Parse_JSON_-_Record": [
                  "Succeeded"
                ]
              },
              "limit": {
                "timeout": "PT24S"
              },
              "metadata": {
                "operationMetadataId": "cca65f49-607c-4e9e-9693-6e5e908cbb84"
              },
              "type": "OpenApiConnection",
              "inputs": {
                "host": {
                  "connectionName": "shared_sharepointonline_1",
                  "operationId": "HttpRequest",
                  "apiId": "/providers/Microsoft.PowerApps/apis/shared_sharepointonline"
                },
                "parameters": {
                  "dataset": "@triggerBody()['text']",
                  "parameters/method": "GET",
                  "parameters/uri": "/_api/web/lists/getbytitle('@{body('Parse_JSON_-_Record')?['docliblist']}')"
                },
                "authentication": "@parameters('$authentication')",
                "retryPolicy": {
                  "type": "none"
                }
              }
            },
            "Parse_JSON_-_DocLibList": {
              "runAfter": {
                "Send_an_HTTP_request_to_SharePoint_-_DocLibList": [
                  "Succeeded"
                ]
              },
              "metadata": {
                "operationMetadataId": "0917e3c3-14d1-41ad-b6a9-67c9f18cbadd"
              },
              "type": "ParseJson",
              "inputs": {
                "content": "@body('Send_an_HTTP_request_to_SharePoint_-_DocLibList')",
                "schema": {
                  "type": "object",
                  "properties": {
                    "d": {
                      "type": "object",
                      "properties": {
                        "__metadata": {
                          "type": "object",
                          "properties": {
                            "id": {
                              "type": "string"
                            },
                            "uri": {
                              "type": "string"
                            },
                            "etag": {
                              "type": "string"
                            },
                            "type": {
                              "type": "string"
                            }
                          }
                        },
                        "FirstUniqueAncestorSecurableObject": {
                          "type": "object",
                          "properties": {
                            "__deferred": {
                              "type": "object",
                              "properties": {
                                "uri": {
                                  "type": "string"
                                }
                              }
                            }
                          }
                        },
                        "RoleAssignments": {
                          "type": "object",
                          "properties": {
                            "__deferred": {
                              "type": "object",
                              "properties": {
                                "uri": {
                                  "type": "string"
                                }
                              }
                            }
                          }
                        },
                        "Author": {
                          "type": "object",
                          "properties": {
                            "__deferred": {
                              "type": "object",
                              "properties": {
                                "uri": {
                                  "type": "string"
                                }
                              }
                            }
                          }
                        },
                        "ContentTypes": {
                          "type": "object",
                          "properties": {
                            "__deferred": {
                              "type": "object",
                              "properties": {
                                "uri": {
                                  "type": "string"
                                }
                              }
                            }
                          }
                        },
                        "CreatablesInfo": {
                          "type": "object",
                          "properties": {
                            "__deferred": {
                              "type": "object",
                              "properties": {
                                "uri": {
                                  "type": "string"
                                }
                              }
                            }
                          }
                        },
                        "DefaultView": {
                          "type": "object",
                          "properties": {
                            "__deferred": {
                              "type": "object",
                              "properties": {
                                "uri": {
                                  "type": "string"
                                }
                              }
                            }
                          }
                        },
                        "DescriptionResource": {
                          "type": "object",
                          "properties": {
                            "__deferred": {
                              "type": "object",
                              "properties": {
                                "uri": {
                                  "type": "string"
                                }
                              }
                            }
                          }
                        },
                        "EventReceivers": {
                          "type": "object",
                          "properties": {
                            "__deferred": {
                              "type": "object",
                              "properties": {
                                "uri": {
                                  "type": "string"
                                }
                              }
                            }
                          }
                        },
                        "Fields": {
                          "type": "object",
                          "properties": {
                            "__deferred": {
                              "type": "object",
                              "properties": {
                                "uri": {
                                  "type": "string"
                                }
                              }
                            }
                          }
                        },
                        "Forms": {
                          "type": "object",
                          "properties": {
                            "__deferred": {
                              "type": "object",
                              "properties": {
                                "uri": {
                                  "type": "string"
                                }
                              }
                            }
                          }
                        },
                        "InformationRightsManagementSettings": {
                          "type": "object",
                          "properties": {
                            "__deferred": {
                              "type": "object",
                              "properties": {
                                "uri": {
                                  "type": "string"
                                }
                              }
                            }
                          }
                        },
                        "Items": {
                          "type": "object",
                          "properties": {
                            "__deferred": {
                              "type": "object",
                              "properties": {
                                "uri": {
                                  "type": "string"
                                }
                              }
                            }
                          }
                        },
                        "ParentWeb": {
                          "type": "object",
                          "properties": {
                            "__deferred": {
                              "type": "object",
                              "properties": {
                                "uri": {
                                  "type": "string"
                                }
                              }
                            }
                          }
                        },
                        "RootFolder": {
                          "type": "object",
                          "properties": {
                            "__deferred": {
                              "type": "object",
                              "properties": {
                                "uri": {
                                  "type": "string"
                                }
                              }
                            }
                          }
                        },
                        "Subscriptions": {
                          "type": "object",
                          "properties": {
                            "__deferred": {
                              "type": "object",
                              "properties": {
                                "uri": {
                                  "type": "string"
                                }
                              }
                            }
                          }
                        },
                        "TitleResource": {
                          "type": "object",
                          "properties": {
                            "__deferred": {
                              "type": "object",
                              "properties": {
                                "uri": {
                                  "type": "string"
                                }
                              }
                            }
                          }
                        },
                        "UserCustomActions": {
                          "type": "object",
                          "properties": {
                            "__deferred": {
                              "type": "object",
                              "properties": {
                                "uri": {
                                  "type": "string"
                                }
                              }
                            }
                          }
                        },
                        "VersionPolicies": {
                          "type": "object",
                          "properties": {
                            "__deferred": {
                              "type": "object",
                              "properties": {
                                "uri": {
                                  "type": "string"
                                }
                              }
                            }
                          }
                        },
                        "Views": {
                          "type": "object",
                          "properties": {
                            "__deferred": {
                              "type": "object",
                              "properties": {
                                "uri": {
                                  "type": "string"
                                }
                              }
                            }
                          }
                        },
                        "WorkflowAssociations": {
                          "type": "object",
                          "properties": {
                            "__deferred": {
                              "type": "object",
                              "properties": {
                                "uri": {
                                  "type": "string"
                                }
                              }
                            }
                          }
                        },
                        "AllowContentTypes": {
                          "type": "boolean"
                        },
                        "BaseTemplate": {
                          "type": "integer"
                        },
                        "BaseType": {
                          "type": "integer"
                        },
                        "ContentTypesEnabled": {
                          "type": "boolean"
                        },
                        "CrawlNonDefaultViews": {
                          "type": "boolean"
                        },
                        "Created": {
                          "type": "string"
                        },
                        "CurrentChangeToken": {
                          "type": "object",
                          "properties": {
                            "__metadata": {
                              "type": "object",
                              "properties": {
                                "type": {
                                  "type": "string"
                                }
                              }
                            },
                            "StringValue": {
                              "type": "string"
                            }
                          }
                        },
                        "DefaultContentApprovalWorkflowId": {
                          "type": "string"
                        },
                        "DefaultItemOpenUseListSetting": {
                          "type": "boolean"
                        },
                        "Description": {
                          "type": "string"
                        },
                        "Direction": {
                          "type": "string"
                        },
                        "DisableCommenting": {
                          "type": "boolean"
                        },
                        "DisableGridEditing": {
                          "type": "boolean"
                        },
                        "DocumentTemplateUrl": {},
                        "DraftVersionVisibility": {
                          "type": "integer"
                        },
                        "EnableAttachments": {
                          "type": "boolean"
                        },
                        "EnableFolderCreation": {
                          "type": "boolean"
                        },
                        "EnableMinorVersions": {
                          "type": "boolean"
                        },
                        "EnableModeration": {
                          "type": "boolean"
                        },
                        "EnableRequestSignOff": {
                          "type": "boolean"
                        },
                        "EnableVersioning": {
                          "type": "boolean"
                        },
                        "EntityTypeName": {
                          "type": "string"
                        },
                        "ExemptFromBlockDownloadOfNonViewableFiles": {
                          "type": "boolean"
                        },
                        "FileSavePostProcessingEnabled": {
                          "type": "boolean"
                        },
                        "ForceCheckout": {
                          "type": "boolean"
                        },
                        "HasExternalDataSource": {
                          "type": "boolean"
                        },
                        "Hidden": {
                          "type": "boolean"
                        },
                        "Id": {
                          "type": "string"
                        },
                        "ImagePath": {
                          "type": "object",
                          "properties": {
                            "__metadata": {
                              "type": "object",
                              "properties": {
                                "type": {
                                  "type": "string"
                                }
                              }
                            },
                            "DecodedUrl": {
                              "type": "string"
                            }
                          }
                        },
                        "ImageUrl": {
                          "type": "string"
                        },
                        "DefaultSensitivityLabelForLibrary": {
                          "type": "string"
                        },
                        "SensitivityLabelToEncryptOnDOwnloadForLibrary": {},
                        "IrmEnabled": {
                          "type": "boolean"
                        },
                        "IrmExpire": {
                          "type": "boolean"
                        },
                        "IrmReject": {
                          "type": "boolean"
                        },
                        "IsApplicationList": {
                          "type": "boolean"
                        },
                        "IsCatalog": {
                          "type": "boolean"
                        },
                        "IsPrivate": {
                          "type": "boolean"
                        },
                        "ItemCount": {
                          "type": "integer"
                        },
                        "LastItemDeletedDate": {
                          "type": "string"
                        },
                        "LastItemModifiedDate": {
                          "type": "string"
                        },
                        "LastItemUserModifiedDate": {
                          "type": "string"
                        },
                        "ListExperienceOptions": {
                          "type": "integer"
                        },
                        "ListItemEntityTypeFullName": {
                          "type": "string"
                        },
                        "MajorVersionLimit": {
                          "type": "integer"
                        },
                        "MajorWithMinorVersionsLimit": {
                          "type": "integer"
                        },
                        "MultipleDataList": {
                          "type": "boolean"
                        },
                        "NoCrawl": {
                          "type": "boolean"
                        },
                        "ParentWebPath": {
                          "type": "object",
                          "properties": {
                            "__metadata": {
                              "type": "object",
                              "properties": {
                                "type": {
                                  "type": "string"
                                }
                              }
                            },
                            "DecodedUrl": {
                              "type": "string"
                            }
                          }
                        },
                        "ParentWebUrl": {
                          "type": "string"
                        },
                        "ParserDisabled": {
                          "type": "boolean"
                        },
                        "ServerTemplateCanCreateFolders": {
                          "type": "boolean"
                        },
                        "TemplateFeatureId": {
                          "type": "string"
                        },
                        "Title": {
                          "type": "string"
                        }
                      }
                    }
                  }
                }
              }
            },
            "Send_an_HTTP_request_to_SharePoint_-_Create": {
              "runAfter": {
                "Parse_JSON_-_DocLibList": [
                  "Succeeded"
                ]
              },
              "limit": {
                "timeout": "PT24S"
              },
              "metadata": {
                "operationMetadataId": "c5ab56c0-7882-42be-b772-17bea9e5f7bc"
              },
              "type": "OpenApiConnection",
              "inputs": {
                "host": {
                  "connectionName": "shared_sharepointonline_1",
                  "operationId": "HttpRequest",
                  "apiId": "/providers/Microsoft.PowerApps/apis/shared_sharepointonline"
                },
                "parameters": {
                  "dataset": "@triggerBody()['text']",
                  "parameters/method": "POST",
                  "parameters/uri": "/_api/web/lists/getbytitle('@{body('Parse_JSON_-_Record')?['docliblist']}')/views",
                  "parameters/headers": {
                    "accept": "application/json;odata=verbose",
                    "content-type": "application/json;odata=verbose"
                  },
                  "parameters/body": "{\n\"__metadata\": {\n\"type\": \"SP.View\"\n},\n  \"ViewType\": \"HTML\",\n  \"Title\": \"@{body('Parse_JSON_-_Record')?['displayname']}\",\n  \"DefaultView\": false,\n  \"PersonalView\": false,\n  \"ViewQuery\": \"@{body('Parse_JSON_-_Record')?['query']}\"\n}"
                },
                "authentication": "@parameters('$authentication')",
                "retryPolicy": {
                  "type": "none"
                }
              }
            }
          },
          "runAfter": {
            "Initialize_variable_-_varErrorMessage": [
              "Succeeded"
            ]
          },
          "metadata": {
            "operationMetadataId": "a3efa2ae-3a5e-4164-9f50-a0e06308ecca"
          },
          "type": "Scope"
        },
        "Scope_-_Create_-_Catch": {
          "actions": {
            "Set_variable_-_varError": {
              "runAfter": {},
              "metadata": {
                "operationMetadataId": "fc042a4c-dde2-45dd-be11-6f97b6c51a2c"
              },
              "type": "SetVariable",
              "inputs": {
                "name": "varError",
                "value": "@true"
              }
            },
            "Filter_array": {
              "runAfter": {
                "Set_variable_-_varError": [
                  "Succeeded"
                ]
              },
              "metadata": {
                "operationMetadataId": "8b800ed3-b364-4ea5-b65d-65828ee54d48"
              },
              "type": "Query",
              "inputs": {
                "from": "@result('Scope_-_Create_-_Try')",
                "where": "@or(equals(item()?['Status'], 'Failed'), equals(item()?['Status'], 'TimedOut'))"
              }
            },
            "Set_variable_-_varErrorMessage": {
              "runAfter": {
                "Filter_array": [
                  "Succeeded"
                ]
              },
              "metadata": {
                "operationMetadataId": "51ac4ca8-20aa-4e87-a508-11b3f1aca83b"
              },
              "type": "SetVariable",
              "inputs": {
                "name": "varErrorMessage",
                "value": "@{concat(first(body('Filter_array'))?['name'],'|#|',first(body('Filter_array'))?['code'])}"
              }
            }
          },
          "runAfter": {
            "Scope_-_Create_-_Try": [
              "Failed",
              "TimedOut"
            ]
          },
          "metadata": {
            "operationMetadataId": "e98b3a8c-fbd5-42d4-852f-15321c455ca2"
          },
          "type": "Scope"
        },
        "Scope_-_Create_-_Finally": {
          "actions": {
            "Condition_-_varError": {
              "actions": {
                "Respond_to_a_PowerApp_or_flow_-_NOK": {
                  "runAfter": {},
                  "metadata": {
                    "operationMetadataId": "0d3da3d5-49c2-4ae5-b6ed-a833c120cab3"
                  },
                  "type": "Response",
                  "kind": "PowerApp",
                  "inputs": {
                    "statusCode": 200,
                    "body": {
                      "response": "NOK",
                      "message": "@variables('varErrorMessage')"
                    },
                    "schema": {
                      "type": "object",
                      "properties": {
                        "response": {
                          "title": "Response",
                          "x-ms-dynamically-added": true,
                          "type": "string"
                        },
                        "message": {
                          "title": "Message",
                          "x-ms-dynamically-added": true,
                          "type": "string"
                        }
                      }
                    }
                  }
                }
              },
              "runAfter": {},
              "else": {
                "actions": {
                  "Respond_to_a_PowerApp_or_flow_-_OK": {
                    "runAfter": {},
                    "metadata": {
                      "operationMetadataId": "84b9257a-759c-4e4b-816a-a4ca5c568d09"
                    },
                    "type": "Response",
                    "kind": "PowerApp",
                    "inputs": {
                      "statusCode": 200,
                      "body": {
                        "response": "OK",
                        "message": "-"
                      },
                      "schema": {
                        "type": "object",
                        "properties": {
                          "response": {
                            "title": "Response",
                            "x-ms-dynamically-added": true,
                            "type": "string"
                          },
                          "message": {
                            "title": "Message",
                            "x-ms-dynamically-added": true,
                            "type": "string"
                          }
                        }
                      }
                    }
                  }
                }
              },
              "expression": {
                "equals": [
                  "@variables('varError')",
                  "@true"
                ]
              },
              "metadata": {
                "operationMetadataId": "c3697d19-0eda-402b-ab9c-d0387b194d86"
              },
              "type": "If"
            }
          },
          "runAfter": {
            "Scope_-_Create_-_Catch": [
              "Succeeded",
              "Failed",
              "Skipped",
              "TimedOut"
            ]
          },
          "metadata": {
            "operationMetadataId": "7be8e769-e178-495e-8cd8-b55f5bc0c29b"
          },
          "type": "Scope"
        }
      }
    },
    "templateName": ""
  },
  "schemaVersion": "1.0.0.0"
}