{
  "properties": {
    "connectionReferences": {
      "shared_sharepointonline_1": {
        "runtimeSource": "invoker",
        "connection": {
          "connectionReferenceLogicalName": "faf_SharePointSPOT"
        },
        "api": {
          "name": "shared_sharepointonline"
        }
      }
    },
    "definition": {
      "$schema": "https://schema.management.azure.com/providers/Microsoft.Logic/schemas/2016-06-01/workflowdefinition.json#",
      "contentVersion": "1.0.0.0",
      "parameters": {
        "$connections": {
          "defaultValue": {},
          "type": "Object"
        },
        "$authentication": {
          "defaultValue": {},
          "type": "SecureObject"
        }
      },
      "triggers": {
        "manual": {
          "metadata": {
            "operationMetadataId": "6189835b-c75f-4f29-95c9-f7420241323c"
          },
          "type": "Request",
          "kind": "PowerAppV2",
          "inputs": {
            "schema": {
              "type": "object",
              "properties": {
                "text": {
                  "title": "siteurl",
                  "type": "string",
                  "x-ms-dynamically-added": true,
                  "description": "Please enter your input",
                  "x-ms-content-hint": "TEXT"
                },
                "text_1": {
                  "title": "schema",
                  "type": "string",
                  "x-ms-dynamically-added": true,
                  "description": "Please enter your input",
                  "x-ms-content-hint": "TEXT"
                },
                "text_2": {
                  "title": "record",
                  "type": "string",
                  "x-ms-dynamically-added": true,
                  "description": "Please enter your input",
                  "x-ms-content-hint": "TEXT"
                }
              },
              "required": [
                "text",
                "text_1",
                "text_2"
              ]
            }
          }
        }
      },
      "actions": {
        "Initialize_variable_-_varError": {
          "runAfter": {},
          "metadata": {
            "operationMetadataId": "c362f0f7-144c-4dd9-b4ea-3e31da954490"
          },
          "type": "InitializeVariable",
          "inputs": {
            "variables": [
              {
                "name": "varError",
                "type": "boolean",
                "value": "@false"
              }
            ]
          }
        },
        "Initialize_variable_-_varErrorMessage": {
          "runAfter": {
            "Initialize_variable_-_varError": [
              "Succeeded"
            ]
          },
          "metadata": {
            "operationMetadataId": "b8af0895-8c5e-4693-9ff9-3a75b48eca45"
          },
          "type": "InitializeVariable",
          "inputs": {
            "variables": [
              {
                "name": "varErrorMessage",
                "type": "string"
              }
            ]
          }
        },
        "Scope_-_Delete_-_Try": {
          "actions": {
            "Parse_JSON_-_Record": {
              "runAfter": {},
              "metadata": {
                "operationMetadataId": "3128afa7-6c5b-4a3e-8edb-b2e316ecb794"
              },
              "type": "ParseJson",
              "inputs": {
                "content": "@triggerBody()['text_2']",
                "schema": {
                  "type": "object",
                  "properties": {
                    "description": {
                      "type": "string"
                    },
                    "disablecommenting": {
                      "type": "boolean"
                    },
                    "disablegridediting": {
                      "type": "boolean"
                    },
                    "displayname": {
                      "type": "string"
                    },
                    "enableattachments": {
                      "type": "boolean"
                    },
                    "enablefoldercreation": {
                      "type": "boolean"
                    },
                    "enableversioning": {
                      "type": "boolean"
                    },
                    "guid": {
                      "type": "string"
                    },
                    "hidden": {
                      "type": "boolean"
                    },
                    "internalname": {
                      "type": "string"
                    },
                    "majorversionlimit": {
                      "type": "integer"
                    },
                    "nocrawl": {
                      "type": "boolean"
                    },
                    "onquicklaunch": {
                      "type": "boolean"
                    },
                    "schema": {
                      "type": "integer"
                    }
                  }
                }
              }
            },
            "Send_an_HTTP_request_to_SharePoint_-_List": {
              "runAfter": {
                "Parse_JSON_-_Record": [
                  "Succeeded"
                ]
              },
              "limit": {
                "timeout": "PT24S"
              },
              "metadata": {
                "operationMetadataId": "bb19f768-d34d-455c-925a-f75a72455aa1"
              },
              "type": "OpenApiConnection",
              "inputs": {
                "host": {
                  "connectionName": "shared_sharepointonline_1",
                  "operationId": "HttpRequest",
                  "apiId": "/providers/Microsoft.PowerApps/apis/shared_sharepointonline"
                },
                "parameters": {
                  "dataset": "@triggerBody()['text']",
                  "parameters/method": "GET",
                  "parameters/uri": "/_api/web/lists/getbytitle('@{body('Parse_JSON_-_Record')?['displayname']}')"
                },
                "authentication": "@parameters('$authentication')",
                "retryPolicy": {
                  "type": "none"
                }
              }
            },
            "Parse_JSON_-_List": {
              "runAfter": {
                "Send_an_HTTP_request_to_SharePoint_-_List": [
                  "Succeeded"
                ]
              },
              "metadata": {
                "operationMetadataId": "04223bd7-78a1-42e9-ab04-8289967dec4d"
              },
              "type": "ParseJson",
              "inputs": {
                "content": "@body('Send_an_HTTP_request_to_SharePoint_-_List')",
                "schema": {
                  "type": "object",
                  "properties": {
                    "d": {
                      "type": "object",
                      "properties": {
                        "__metadata": {
                          "type": "object",
                          "properties": {
                            "id": {
                              "type": "string"
                            },
                            "uri": {
                              "type": "string"
                            },
                            "etag": {
                              "type": "string"
                            },
                            "type": {
                              "type": "string"
                            }
                          }
                        },
                        "FirstUniqueAncestorSecurableObject": {
                          "type": "object",
                          "properties": {
                            "__deferred": {
                              "type": "object",
                              "properties": {
                                "uri": {
                                  "type": "string"
                                }
                              }
                            }
                          }
                        },
                        "RoleAssignments": {
                          "type": "object",
                          "properties": {
                            "__deferred": {
                              "type": "object",
                              "properties": {
                                "uri": {
                                  "type": "string"
                                }
                              }
                            }
                          }
                        },
                        "Author": {
                          "type": "object",
                          "properties": {
                            "__deferred": {
                              "type": "object",
                              "properties": {
                                "uri": {
                                  "type": "string"
                                }
                              }
                            }
                          }
                        },
                        "ContentTypes": {
                          "type": "object",
                          "properties": {
                            "__deferred": {
                              "type": "object",
                              "properties": {
                                "uri": {
                                  "type": "string"
                                }
                              }
                            }
                          }
                        },
                        "CreatablesInfo": {
                          "type": "object",
                          "properties": {
                            "__deferred": {
                              "type": "object",
                              "properties": {
                                "uri": {
                                  "type": "string"
                                }
                              }
                            }
                          }
                        },
                        "DefaultView": {
                          "type": "object",
                          "properties": {
                            "__deferred": {
                              "type": "object",
                              "properties": {
                                "uri": {
                                  "type": "string"
                                }
                              }
                            }
                          }
                        },
                        "DescriptionResource": {
                          "type": "object",
                          "properties": {
                            "__deferred": {
                              "type": "object",
                              "properties": {
                                "uri": {
                                  "type": "string"
                                }
                              }
                            }
                          }
                        },
                        "EventReceivers": {
                          "type": "object",
                          "properties": {
                            "__deferred": {
                              "type": "object",
                              "properties": {
                                "uri": {
                                  "type": "string"
                                }
                              }
                            }
                          }
                        },
                        "Fields": {
                          "type": "object",
                          "properties": {
                            "__deferred": {
                              "type": "object",
                              "properties": {
                                "uri": {
                                  "type": "string"
                                }
                              }
                            }
                          }
                        },
                        "Forms": {
                          "type": "object",
                          "properties": {
                            "__deferred": {
                              "type": "object",
                              "properties": {
                                "uri": {
                                  "type": "string"
                                }
                              }
                            }
                          }
                        },
                        "InformationRightsManagementSettings": {
                          "type": "object",
                          "properties": {
                            "__deferred": {
                              "type": "object",
                              "properties": {
                                "uri": {
                                  "type": "string"
                                }
                              }
                            }
                          }
                        },
                        "Items": {
                          "type": "object",
                          "properties": {
                            "__deferred": {
                              "type": "object",
                              "properties": {
                                "uri": {
                                  "type": "string"
                                }
                              }
                            }
                          }
                        },
                        "ParentWeb": {
                          "type": "object",
                          "properties": {
                            "__deferred": {
                              "type": "object",
                              "properties": {
                                "uri": {
                                  "type": "string"
                                }
                              }
                            }
                          }
                        },
                        "RootFolder": {
                          "type": "object",
                          "properties": {
                            "__deferred": {
                              "type": "object",
                              "properties": {
                                "uri": {
                                  "type": "string"
                                }
                              }
                            }
                          }
                        },
                        "Subscriptions": {
                          "type": "object",
                          "properties": {
                            "__deferred": {
                              "type": "object",
                              "properties": {
                                "uri": {
                                  "type": "string"
                                }
                              }
                            }
                          }
                        },
                        "TitleResource": {
                          "type": "object",
                          "properties": {
                            "__deferred": {
                              "type": "object",
                              "properties": {
                                "uri": {
                                  "type": "string"
                                }
                              }
                            }
                          }
                        },
                        "UserCustomActions": {
                          "type": "object",
                          "properties": {
                            "__deferred": {
                              "type": "object",
                              "properties": {
                                "uri": {
                                  "type": "string"
                                }
                              }
                            }
                          }
                        },
                        "VersionPolicies": {
                          "type": "object",
                          "properties": {
                            "__deferred": {
                              "type": "object",
                              "properties": {
                                "uri": {
                                  "type": "string"
                                }
                              }
                            }
                          }
                        },
                        "Views": {
                          "type": "object",
                          "properties": {
                            "__deferred": {
                              "type": "object",
                              "properties": {
                                "uri": {
                                  "type": "string"
                                }
                              }
                            }
                          }
                        },
                        "WorkflowAssociations": {
                          "type": "object",
                          "properties": {
                            "__deferred": {
                              "type": "object",
                              "properties": {
                                "uri": {
                                  "type": "string"
                                }
                              }
                            }
                          }
                        },
                        "AllowContentTypes": {
                          "type": "boolean"
                        },
                        "BaseTemplate": {
                          "type": "integer"
                        },
                        "BaseType": {
                          "type": "integer"
                        },
                        "ContentTypesEnabled": {
                          "type": "boolean"
                        },
                        "CrawlNonDefaultViews": {
                          "type": "boolean"
                        },
                        "Created": {
                          "type": "string"
                        },
                        "CurrentChangeToken": {
                          "type": "object",
                          "properties": {
                            "__metadata": {
                              "type": "object",
                              "properties": {
                                "type": {
                                  "type": "string"
                                }
                              }
                            },
                            "StringValue": {
                              "type": "string"
                            }
                          }
                        },
                        "DefaultContentApprovalWorkflowId": {
                          "type": "string"
                        },
                        "DefaultItemOpenUseListSetting": {
                          "type": "boolean"
                        },
                        "Description": {
                          "type": "string"
                        },
                        "Direction": {
                          "type": "string"
                        },
                        "DisableCommenting": {
                          "type": "boolean"
                        },
                        "DisableGridEditing": {
                          "type": "boolean"
                        },
                        "DocumentTemplateUrl": {},
                        "DraftVersionVisibility": {
                          "type": "integer"
                        },
                        "EnableAttachments": {
                          "type": "boolean"
                        },
                        "EnableFolderCreation": {
                          "type": "boolean"
                        },
                        "EnableMinorVersions": {
                          "type": "boolean"
                        },
                        "EnableModeration": {
                          "type": "boolean"
                        },
                        "EnableRequestSignOff": {
                          "type": "boolean"
                        },
                        "EnableVersioning": {
                          "type": "boolean"
                        },
                        "EntityTypeName": {
                          "type": "string"
                        },
                        "ExemptFromBlockDownloadOfNonViewableFiles": {
                          "type": "boolean"
                        },
                        "FileSavePostProcessingEnabled": {
                          "type": "boolean"
                        },
                        "ForceCheckout": {
                          "type": "boolean"
                        },
                        "HasExternalDataSource": {
                          "type": "boolean"
                        },
                        "Hidden": {
                          "type": "boolean"
                        },
                        "Id": {
                          "type": "string"
                        },
                        "ImagePath": {
                          "type": "object",
                          "properties": {
                            "__metadata": {
                              "type": "object",
                              "properties": {
                                "type": {
                                  "type": "string"
                                }
                              }
                            },
                            "DecodedUrl": {
                              "type": "string"
                            }
                          }
                        },
                        "ImageUrl": {
                          "type": "string"
                        },
                        "DefaultSensitivityLabelForLibrary": {
                          "type": "string"
                        },
                        "SensitivityLabelToEncryptOnDOwnloadForLibrary": {},
                        "IrmEnabled": {
                          "type": "boolean"
                        },
                        "IrmExpire": {
                          "type": "boolean"
                        },
                        "IrmReject": {
                          "type": "boolean"
                        },
                        "IsApplicationList": {
                          "type": "boolean"
                        },
                        "IsCatalog": {
                          "type": "boolean"
                        },
                        "IsPrivate": {
                          "type": "boolean"
                        },
                        "ItemCount": {
                          "type": "integer"
                        },
                        "LastItemDeletedDate": {
                          "type": "string"
                        },
                        "LastItemModifiedDate": {
                          "type": "string"
                        },
                        "LastItemUserModifiedDate": {
                          "type": "string"
                        },
                        "ListExperienceOptions": {
                          "type": "integer"
                        },
                        "ListItemEntityTypeFullName": {
                          "type": "string"
                        },
                        "MajorVersionLimit": {
                          "type": "integer"
                        },
                        "MajorWithMinorVersionsLimit": {
                          "type": "integer"
                        },
                        "MultipleDataList": {
                          "type": "boolean"
                        },
                        "NoCrawl": {
                          "type": "boolean"
                        },
                        "ParentWebPath": {
                          "type": "object",
                          "properties": {
                            "__metadata": {
                              "type": "object",
                              "properties": {
                                "type": {
                                  "type": "string"
                                }
                              }
                            },
                            "DecodedUrl": {
                              "type": "string"
                            }
                          }
                        },
                        "ParentWebUrl": {
                          "type": "string"
                        },
                        "ParserDisabled": {
                          "type": "boolean"
                        },
                        "ServerTemplateCanCreateFolders": {
                          "type": "boolean"
                        },
                        "TemplateFeatureId": {
                          "type": "string"
                        },
                        "Title": {
                          "type": "string"
                        }
                      }
                    }
                  }
                }
              }
            },
            "Send_an_HTTP_request_to_SharePoint_-_Delete": {
              "runAfter": {
                "Parse_JSON_-_List": [
                  "Succeeded"
                ]
              },
              "limit": {
                "timeout": "PT24S"
              },
              "metadata": {
                "operationMetadataId": "f02fc366-14d3-4b51-9494-11ebc68fa8a3"
              },
              "type": "OpenApiConnection",
              "inputs": {
                "host": {
                  "connectionName": "shared_sharepointonline_1",
                  "operationId": "HttpRequest",
                  "apiId": "/providers/Microsoft.PowerApps/apis/shared_sharepointonline"
                },
                "parameters": {
                  "dataset": "@triggerBody()['text']",
                  "parameters/method": "POST",
                  "parameters/uri": "/_api/web/lists(guid'@{body('Parse_JSON_-_List')?['d']?['Id']}')",
                  "parameters/headers": {
                    "accept": "application/json;odata=verbose",
                    "content-type": "application/json;odata=verbose",
                    "X-HTTP-Method": "DELETE",
                    "If-Match": "*"
                  }
                },
                "authentication": "@parameters('$authentication')",
                "retryPolicy": {
                  "type": "none"
                }
              }
            }
          },
          "runAfter": {
            "Initialize_variable_-_varErrorMessage": [
              "Succeeded"
            ]
          },
          "metadata": {
            "operationMetadataId": "a4af69c2-0ac3-4aee-a03d-db55f1e23875"
          },
          "type": "Scope"
        },
        "Scope_-_Delete_-_Catch": {
          "actions": {
            "Set_variable_-_varError": {
              "runAfter": {},
              "metadata": {
                "operationMetadataId": "b6f74c1c-d7d8-42db-b3d2-b4db4ca30a5e"
              },
              "type": "SetVariable",
              "inputs": {
                "name": "varError",
                "value": "@true"
              }
            },
            "Filter_array": {
              "runAfter": {
                "Set_variable_-_varError": [
                  "Succeeded"
                ]
              },
              "metadata": {
                "operationMetadataId": "d40f8e76-b46f-4643-8cfe-a9d224e2228a"
              },
              "type": "Query",
              "inputs": {
                "from": "@result('Scope_-_Delete_-_Try')",
                "where": "@or(equals(item()?['Status'], 'Failed'), equals(item()?['Status'], 'TimedOut'))"
              }
            },
            "Set_variable_-_varErrorMessage": {
              "runAfter": {
                "Filter_array": [
                  "Succeeded"
                ]
              },
              "metadata": {
                "operationMetadataId": "6cbfc08a-ef2b-41f1-8b0c-8f4f3a409276"
              },
              "type": "SetVariable",
              "inputs": {
                "name": "varErrorMessage",
                "value": "@{concat(first(body('Filter_array'))?['name'],'|#|',first(body('Filter_array'))?['code'])}"
              }
            }
          },
          "runAfter": {
            "Scope_-_Delete_-_Try": [
              "Failed",
              "TimedOut"
            ]
          },
          "metadata": {
            "operationMetadataId": "0302ab0f-075b-4608-88b4-aa5dd4b1bc27"
          },
          "type": "Scope"
        },
        "Scope_-_Delete_-_Finally": {
          "actions": {
            "Condition_-_varError": {
              "actions": {
                "Respond_to_a_PowerApp_or_flow_-_NOK": {
                  "runAfter": {},
                  "metadata": {
                    "operationMetadataId": "43cfdc0d-cbb4-41cf-acc4-0a23e1e1b6c9"
                  },
                  "type": "Response",
                  "kind": "PowerApp",
                  "inputs": {
                    "statusCode": 200,
                    "body": {
                      "response": "NOK",
                      "message": "@variables('varErrorMessage')"
                    },
                    "schema": {
                      "type": "object",
                      "properties": {
                        "response": {
                          "title": "Response",
                          "x-ms-dynamically-added": true,
                          "type": "string"
                        },
                        "message": {
                          "title": "Message",
                          "x-ms-dynamically-added": true,
                          "type": "string"
                        }
                      }
                    }
                  }
                }
              },
              "runAfter": {},
              "else": {
                "actions": {
                  "Respond_to_a_PowerApp_or_flow_-_OK": {
                    "runAfter": {},
                    "metadata": {
                      "operationMetadataId": "75cd6dd7-4bfd-43b0-a814-074626f0a2b6"
                    },
                    "type": "Response",
                    "kind": "PowerApp",
                    "inputs": {
                      "statusCode": 200,
                      "body": {
                        "response": "OK",
                        "message": "-"
                      },
                      "schema": {
                        "type": "object",
                        "properties": {
                          "response": {
                            "title": "Response",
                            "x-ms-dynamically-added": true,
                            "type": "string"
                          },
                          "message": {
                            "title": "Message",
                            "x-ms-dynamically-added": true,
                            "type": "string"
                          }
                        }
                      }
                    }
                  }
                }
              },
              "expression": {
                "equals": [
                  "@variables('varError')",
                  "@true"
                ]
              },
              "metadata": {
                "operationMetadataId": "d33a9c9a-7699-462a-85db-1bde9321719a"
              },
              "type": "If"
            }
          },
          "runAfter": {
            "Scope_-_Delete_-_Catch": [
              "Succeeded",
              "Failed",
              "Skipped",
              "TimedOut"
            ]
          },
          "metadata": {
            "operationMetadataId": "80941beb-0148-4285-8a35-b1a3e4cd501a"
          },
          "type": "Scope"
        }
      }
    },
    "templateName": ""
  },
  "schemaVersion": "1.0.0.0"
}