{
  "properties": {
    "connectionReferences": {
      "shared_sharepointonline": {
        "runtimeSource": "invoker",
        "connection": {
          "connectionReferenceLogicalName": "faf_SharePointSPOT"
        },
        "api": {
          "name": "shared_sharepointonline"
        }
      }
    },
    "definition": {
      "$schema": "https://schema.management.azure.com/providers/Microsoft.Logic/schemas/2016-06-01/workflowdefinition.json#",
      "contentVersion": "1.0.0.0",
      "parameters": {
        "$connections": {
          "defaultValue": {},
          "type": "Object"
        },
        "$authentication": {
          "defaultValue": {},
          "type": "SecureObject"
        }
      },
      "triggers": {
        "manual": {
          "metadata": {
            "operationMetadataId": "9f2a06cd-4eb5-4e0a-9682-8e8e6d934843"
          },
          "type": "Request",
          "kind": "PowerAppV2",
          "inputs": {
            "schema": {
              "type": "object",
              "properties": {
                "text": {
                  "title": "siteurl",
                  "type": "string",
                  "x-ms-dynamically-added": true,
                  "description": "Please enter your input",
                  "x-ms-content-hint": "TEXT"
                },
                "text_1": {
                  "title": "schema",
                  "type": "string",
                  "x-ms-dynamically-added": true,
                  "description": "Please enter your input",
                  "x-ms-content-hint": "TEXT"
                },
                "text_2": {
                  "title": "record",
                  "type": "string",
                  "x-ms-dynamically-added": true,
                  "description": "Please enter your input",
                  "x-ms-content-hint": "TEXT"
                }
              },
              "required": [
                "text",
                "text_1",
                "text_2"
              ]
            }
          }
        }
      },
      "actions": {
        "Scope_-_Create_-_Catch": {
          "actions": {
            "Set_variable_-_varError": {
              "runAfter": {},
              "metadata": {
                "operationMetadataId": "d0c1c462-6445-43eb-a752-fa0eb657417a"
              },
              "type": "SetVariable",
              "inputs": {
                "name": "varError",
                "value": "@true"
              }
            },
            "Set_variable_-_varErrorMessage": {
              "runAfter": {
                "Filter_array": [
                  "Succeeded"
                ]
              },
              "metadata": {
                "operationMetadataId": "7ff29186-7cae-411a-84c2-23ec3dbf1674"
              },
              "type": "SetVariable",
              "inputs": {
                "name": "varErrorMessage",
                "value": "@{concat(first(body('Filter_array'))?['name'],'|#|',first(body('Filter_array'))?['code'])}"
              }
            },
            "Filter_array": {
              "runAfter": {
                "Set_variable_-_varError": [
                  "Succeeded"
                ]
              },
              "metadata": {
                "operationMetadataId": "f3645786-c55a-4f5c-bc86-d99d4bc22efb"
              },
              "type": "Query",
              "inputs": {
                "from": "@result('Scope_-_Create_-_Try')",
                "where": "@or(equals(item()?['Status'], 'Failed'), equals(item()?['Status'], 'TimedOut'))"
              }
            }
          },
          "runAfter": {
            "Scope_-_Create_-_Try": [
              "Failed",
              "TimedOut"
            ]
          },
          "metadata": {
            "operationMetadataId": "10f10eb4-9445-441d-942d-47bd5b160c5f"
          },
          "type": "Scope"
        },
        "Scope_-_Create_-_Try": {
          "actions": {
            "Parse_JSON_-_Record": {
              "runAfter": {},
              "metadata": {
                "operationMetadataId": "42939339-45c1-4636-95f5-f1368e3b1b76"
              },
              "type": "ParseJson",
              "inputs": {
                "content": "@triggerBody()['text_2']",
                "schema": {
                  "type": "object",
                  "properties": {
                    "delete": {},
                    "description": {
                      "type": "string"
                    },
                    "disablecommenting": {
                      "type": "boolean"
                    },
                    "disablegridediting": {
                      "type": "boolean"
                    },
                    "displayname": {
                      "type": "string"
                    },
                    "enableattachments": {
                      "type": "boolean"
                    },
                    "enablefoldercreation": {
                      "type": "boolean"
                    },
                    "enableversioning": {
                      "type": "boolean"
                    },
                    "guid": {},
                    "hidden": {
                      "type": "boolean"
                    },
                    "internalname": {
                      "type": "string"
                    },
                    "majorversionlimit": {
                      "type": "integer"
                    },
                    "new": {
                      "type": "boolean"
                    },
                    "nocrawl": {
                      "type": "boolean"
                    },
                    "onquicklaunch": {
                      "type": "boolean"
                    },
                    "schema": {
                      "type": "integer"
                    }
                  }
                }
              }
            },
            "Send_an_HTTP_request_to_SharePoint_-_Create": {
              "runAfter": {
                "Parse_JSON_-_Record": [
                  "Succeeded"
                ]
              },
              "limit": {
                "timeout": "PT24S"
              },
              "metadata": {
                "operationMetadataId": "dbf6dbb7-3953-442b-95c5-e3d49076e55b"
              },
              "type": "OpenApiConnection",
              "inputs": {
                "host": {
                  "connectionName": "shared_sharepointonline",
                  "operationId": "HttpRequest",
                  "apiId": "/providers/Microsoft.PowerApps/apis/shared_sharepointonline"
                },
                "parameters": {
                  "dataset": "@triggerBody()['text']",
                  "parameters/method": "POST",
                  "parameters/uri": "/_api/web/lists",
                  "parameters/headers": {
                    "accept": "application/json;odata=verbose",
                    "content-type": "application/json;odata=verbose"
                  },
                  "parameters/body": "{\n  \"__metadata\": {\n    \"type\": \"SP.List\"\n  },\n  \"BaseTemplate\": 100,\n  \"DisableCommenting\": @{toLower(string(body('Parse_JSON_-_Record')?['disablecommenting']))},\n  \"DisableGridEditing\": @{toLower(string(body('Parse_JSON_-_Record')?['disablegridediting']))},\n  \"EnableAttachments\": @{toLower(string(body('Parse_JSON_-_Record')?['enableattachments']))},\n  \"EnableFolderCreation\": @{toLower(string(body('Parse_JSON_-_Record')?['enablefoldercreation']))},\n  \"EnableMinorVersions\": false,\n  \"EnableVersioning\": true,\n  \"Hidden\": @{toLower(string(body('Parse_JSON_-_Record')?['hidden']))},\n  \"MajorVersionLimit\": @{int(body('Parse_JSON_-_Record')?['majorversionlimit'])},\n  \"NoCrawl\": @{toLower(string(body('Parse_JSON_-_Record')?['nocrawl']))},\n  \"OnQuickLaunch\": @{toLower(string(body('Parse_JSON_-_Record')?['onquicklaunch']))},\n  \"Title\": \"@{body('Parse_JSON_-_Record')?['internalname']}\"\n}"
                },
                "authentication": "@parameters('$authentication')",
                "retryPolicy": {
                  "type": "none"
                }
              }
            },
            "Send_an_HTTP_request_to_SharePoint_-_Update": {
              "runAfter": {
                "Send_an_HTTP_request_to_SharePoint_-_Create": [
                  "Succeeded"
                ]
              },
              "limit": {
                "timeout": "PT24S"
              },
              "metadata": {
                "operationMetadataId": "d2444051-59c4-4084-bba6-3feea7002467"
              },
              "type": "OpenApiConnection",
              "inputs": {
                "host": {
                  "connectionName": "shared_sharepointonline",
                  "operationId": "HttpRequest",
                  "apiId": "/providers/Microsoft.PowerApps/apis/shared_sharepointonline"
                },
                "parameters": {
                  "dataset": "@triggerBody()['text']",
                  "parameters/method": "POST",
                  "parameters/uri": "/_api/web/lists(guid'@{body('Send_an_HTTP_request_to_SharePoint_-_Create')?['d']?['Id']}')",
                  "parameters/headers": {
                    "accept": "application/json;odata=verbose",
                    "content-type": "application/json;odata=verbose",
                    "X-HTTP-Method": "MERGE",
                    "If-Match": "*"
                  },
                  "parameters/body": "{\n  \"__metadata\": {\n    \"type\": \"SP.List\"\n  },\n  \"Title\": \"@{body('Parse_JSON_-_Record')?['displayname']}\"\n}"
                },
                "authentication": "@parameters('$authentication')",
                "retryPolicy": {
                  "type": "none"
                }
              }
            },
            "Send_an_HTTP_request_to_SharePoint_-_Break_role_inheritance": {
              "runAfter": {
                "Send_an_HTTP_request_to_SharePoint_-_Update": [
                  "Succeeded"
                ]
              },
              "limit": {
                "timeout": "PT24S"
              },
              "metadata": {
                "operationMetadataId": "1367f93d-c516-4d8f-9af3-f8449adf20cc"
              },
              "type": "OpenApiConnection",
              "inputs": {
                "host": {
                  "connectionName": "shared_sharepointonline",
                  "operationId": "HttpRequest",
                  "apiId": "/providers/Microsoft.PowerApps/apis/shared_sharepointonline"
                },
                "parameters": {
                  "dataset": "@triggerBody()['text']",
                  "parameters/method": "POST",
                  "parameters/uri": "/_api/web/lists(guid'@{body('Send_an_HTTP_request_to_SharePoint_-_Create')?['d']?['Id']}')/breakroleinheritance(copyRoleAssignments=false, clearSubscopes=true)"
                },
                "authentication": "@parameters('$authentication')",
                "retryPolicy": {
                  "type": "none"
                }
              }
            }
          },
          "runAfter": {
            "Initialize_variable_-_varErrorMessage": [
              "Succeeded"
            ]
          },
          "metadata": {
            "operationMetadataId": "951f8026-fc1c-46f6-855d-58caf83025ae"
          },
          "type": "Scope"
        },
        "Scope_-_Create_-_Finally": {
          "actions": {
            "Condition_-_varError": {
              "actions": {
                "Respond_to_a_PowerApp_or_flow_-_NOK": {
                  "runAfter": {},
                  "metadata": {
                    "operationMetadataId": "2f11e222-70cf-48da-85ee-d705b4890ea6"
                  },
                  "type": "Response",
                  "kind": "PowerApp",
                  "inputs": {
                    "statusCode": 200,
                    "body": {
                      "response": "NOK",
                      "message": "@variables('varErrorMessage')"
                    },
                    "schema": {
                      "type": "object",
                      "properties": {
                        "response": {
                          "title": "Response",
                          "x-ms-dynamically-added": true,
                          "type": "string"
                        },
                        "message": {
                          "title": "Message",
                          "x-ms-dynamically-added": true,
                          "type": "string"
                        }
                      }
                    }
                  }
                }
              },
              "runAfter": {},
              "else": {
                "actions": {
                  "Respond_to_a_PowerApp_or_flow_-_OK": {
                    "runAfter": {},
                    "metadata": {
                      "operationMetadataId": "ed086767-b3e8-40b0-8ff5-6d146cd32a42"
                    },
                    "type": "Response",
                    "kind": "PowerApp",
                    "inputs": {
                      "statusCode": 200,
                      "body": {
                        "response": "OK",
                        "message": "-"
                      },
                      "schema": {
                        "type": "object",
                        "properties": {
                          "response": {
                            "title": "Response",
                            "x-ms-dynamically-added": true,
                            "type": "string"
                          },
                          "message": {
                            "title": "Message",
                            "x-ms-dynamically-added": true,
                            "type": "string"
                          }
                        }
                      }
                    }
                  }
                }
              },
              "expression": {
                "equals": [
                  "@variables('varError')",
                  "@true"
                ]
              },
              "metadata": {
                "operationMetadataId": "f977769d-e1cf-4bf5-a3d2-22544842ee34"
              },
              "type": "If"
            }
          },
          "runAfter": {
            "Scope_-_Create_-_Catch": [
              "Succeeded",
              "Skipped",
              "Failed",
              "TimedOut"
            ]
          },
          "metadata": {
            "operationMetadataId": "e72cd30e-e6dd-47b2-b329-7e023d76ba93"
          },
          "type": "Scope"
        },
        "Initialize_variable_-_varError": {
          "runAfter": {},
          "metadata": {
            "operationMetadataId": "75f49b2c-6b66-4cf7-ab7b-5fe1f268fb3d"
          },
          "type": "InitializeVariable",
          "inputs": {
            "variables": [
              {
                "name": "varError",
                "type": "boolean",
                "value": "@false"
              }
            ]
          }
        },
        "Initialize_variable_-_varErrorMessage": {
          "runAfter": {
            "Initialize_variable_-_varError": [
              "Succeeded"
            ]
          },
          "metadata": {
            "operationMetadataId": "f78af6ab-b37f-4c49-98e9-1df4be9b0e9c"
          },
          "type": "InitializeVariable",
          "inputs": {
            "variables": [
              {
                "name": "varErrorMessage",
                "type": "string"
              }
            ]
          }
        }
      }
    },
    "templateName": ""
  },
  "schemaVersion": "1.0.0.0"
}