<ImportExportXml xmlns:xsi="http://www.w3.org/2001/XMLSchema-instance">
  <Entities></Entities>
  <Roles></Roles>
  <Workflows>
    <Workflow WorkflowId="{ded4ac90-19be-ee11-9079-000d3aae72b8}" Name="SPOT - Create - List">
      <JsonFileName>/Workflows/SPOT-Create-List-DED4AC90-19BE-EE11-9079-000D3AAE72B8.json</JsonFileName>
      <Type>1</Type>
      <Subprocess>0</Subprocess>
      <Category>5</Category>
      <Mode>0</Mode>
      <Scope>4</Scope>
      <OnDemand>0</OnDemand>
      <TriggerOnCreate>0</TriggerOnCreate>
      <TriggerOnDelete>0</TriggerOnDelete>
      <AsyncAutodelete>0</AsyncAutodelete>
      <SyncWorkflowLogOnFailure>0</SyncWorkflowLogOnFailure>
      <StateCode>1</StateCode>
      <StatusCode>2</StatusCode>
      <RunAs>1</RunAs>
      <IsTransacted>1</IsTransacted>
      <IntroducedVersion>2024.0.0.0</IntroducedVersion>
      <IsCustomizable>1</IsCustomizable>
      <BusinessProcessType>0</BusinessProcessType>
      <IsCustomProcessingStepAllowedForOtherPublishers>1</IsCustomProcessingStepAllowedForOtherPublishers>
      <PrimaryEntity>none</PrimaryEntity>
      <LocalizedNames>
        <LocalizedName languagecode="1033" description="SPOT - Create - List" />
      </LocalizedNames>
    </Workflow>
    <Workflow WorkflowId="{06831930-4fc0-ee11-9079-000d3aae72b8}" Name="SPOT - Validate - DocLibs-Lists">
      <JsonFileName>/Workflows/SPOT-Validate-DocLibs-Lists-06831930-4FC0-EE11-9079-000D3AAE72B8.json</JsonFileName>
      <Type>1</Type>
      <Subprocess>0</Subprocess>
      <Category>5</Category>
      <Mode>0</Mode>
      <Scope>4</Scope>
      <OnDemand>0</OnDemand>
      <TriggerOnCreate>0</TriggerOnCreate>
      <TriggerOnDelete>0</TriggerOnDelete>
      <AsyncAutodelete>0</AsyncAutodelete>
      <SyncWorkflowLogOnFailure>0</SyncWorkflowLogOnFailure>
      <StateCode>1</StateCode>
      <StatusCode>2</StatusCode>
      <RunAs>1</RunAs>
      <IsTransacted>1</IsTransacted>
      <IntroducedVersion>2024.0.0.0</IntroducedVersion>
      <IsCustomizable>1</IsCustomizable>
      <BusinessProcessType>0</BusinessProcessType>
      <IsCustomProcessingStepAllowedForOtherPublishers>1</IsCustomProcessingStepAllowedForOtherPublishers>
      <PrimaryEntity>none</PrimaryEntity>
      <LocalizedNames>
        <LocalizedName languagecode="1033" description="SPOT - Validate - DocLibs-Lists" />
      </LocalizedNames>
    </Workflow>
    <Workflow WorkflowId="{c3680aa9-54c0-ee11-9079-000d3aae72b8}" Name="SPOT - Validate - Groups">
      <JsonFileName>/Workflows/SPOT-Validate-Groups-C3680AA9-54C0-EE11-9079-000D3AAE72B8.json</JsonFileName>
      <Type>1</Type>
      <Subprocess>0</Subprocess>
      <Category>5</Category>
      <Mode>0</Mode>
      <Scope>4</Scope>
      <OnDemand>0</OnDemand>
      <TriggerOnCreate>0</TriggerOnCreate>
      <TriggerOnDelete>0</TriggerOnDelete>
      <AsyncAutodelete>0</AsyncAutodelete>
      <SyncWorkflowLogOnFailure>0</SyncWorkflowLogOnFailure>
      <StateCode>1</StateCode>
      <StatusCode>2</StatusCode>
      <RunAs>1</RunAs>
      <IsTransacted>1</IsTransacted>
      <IntroducedVersion>2024.0.0.0</IntroducedVersion>
      <IsCustomizable>1</IsCustomizable>
      <BusinessProcessType>0</BusinessProcessType>
      <IsCustomProcessingStepAllowedForOtherPublishers>1</IsCustomProcessingStepAllowedForOtherPublishers>
      <PrimaryEntity>none</PrimaryEntity>
      <LocalizedNames>
        <LocalizedName languagecode="1033" description="SPOT - Validate - Groups" />
      </LocalizedNames>
    </Workflow>
    <Workflow WorkflowId="{d0a06ab3-54c0-ee11-9079-000d3aae72b8}" Name="SPOT - Validate - PLs">
      <JsonFileName>/Workflows/SPOT-Validate-PLs-D0A06AB3-54C0-EE11-9079-000D3AAE72B8.json</JsonFileName>
      <Type>1</Type>
      <Subprocess>0</Subprocess>
      <Category>5</Category>
      <Mode>0</Mode>
      <Scope>4</Scope>
      <OnDemand>0</OnDemand>
      <TriggerOnCreate>0</TriggerOnCreate>
      <TriggerOnDelete>0</TriggerOnDelete>
      <AsyncAutodelete>0</AsyncAutodelete>
      <SyncWorkflowLogOnFailure>0</SyncWorkflowLogOnFailure>
      <StateCode>1</StateCode>
      <StatusCode>2</StatusCode>
      <RunAs>1</RunAs>
      <IsTransacted>1</IsTransacted>
      <IntroducedVersion>2024.0.0.0</IntroducedVersion>
      <IsCustomizable>1</IsCustomizable>
      <BusinessProcessType>0</BusinessProcessType>
      <IsCustomProcessingStepAllowedForOtherPublishers>1</IsCustomProcessingStepAllowedForOtherPublishers>
      <PrimaryEntity>none</PrimaryEntity>
      <LocalizedNames>
        <LocalizedName languagecode="1033" description="SPOT - Validate - PLs" />
      </LocalizedNames>
    </Workflow>
    <Workflow WorkflowId="{9884671f-4dc8-ee11-9079-000d3aae72b8}" Name="SPOT - Create - Group">
      <JsonFileName>/Workflows/SPOT-Create-Group-9884671F-4DC8-EE11-9079-000D3AAE72B8.json</JsonFileName>
      <Type>1</Type>
      <Subprocess>0</Subprocess>
      <Category>5</Category>
      <Mode>0</Mode>
      <Scope>4</Scope>
      <OnDemand>0</OnDemand>
      <TriggerOnCreate>0</TriggerOnCreate>
      <TriggerOnDelete>0</TriggerOnDelete>
      <AsyncAutodelete>0</AsyncAutodelete>
      <SyncWorkflowLogOnFailure>0</SyncWorkflowLogOnFailure>
      <StateCode>1</StateCode>
      <StatusCode>2</StatusCode>
      <RunAs>1</RunAs>
      <IsTransacted>1</IsTransacted>
      <IntroducedVersion>2024.0.0.0</IntroducedVersion>
      <IsCustomizable>1</IsCustomizable>
      <BusinessProcessType>0</BusinessProcessType>
      <IsCustomProcessingStepAllowedForOtherPublishers>1</IsCustomProcessingStepAllowedForOtherPublishers>
      <PrimaryEntity>none</PrimaryEntity>
      <LocalizedNames>
        <LocalizedName languagecode="1033" description="SPOT - Create - Group" />
      </LocalizedNames>
    </Workflow>
    <Workflow WorkflowId="{0ddde055-4dc8-ee11-9079-000d3aae72b8}" Name="SPOT - Create - Document library">
      <JsonFileName>/Workflows/SPOT-Create-Documentlibrary-0DDDE055-4DC8-EE11-9079-000D3AAE72B8.json</JsonFileName>
      <Type>1</Type>
      <Subprocess>0</Subprocess>
      <Category>5</Category>
      <Mode>0</Mode>
      <Scope>4</Scope>
      <OnDemand>0</OnDemand>
      <TriggerOnCreate>0</TriggerOnCreate>
      <TriggerOnDelete>0</TriggerOnDelete>
      <AsyncAutodelete>0</AsyncAutodelete>
      <SyncWorkflowLogOnFailure>0</SyncWorkflowLogOnFailure>
      <StateCode>1</StateCode>
      <StatusCode>2</StatusCode>
      <RunAs>1</RunAs>
      <IsTransacted>1</IsTransacted>
      <IntroducedVersion>2024.0.0.0</IntroducedVersion>
      <IsCustomizable>1</IsCustomizable>
      <BusinessProcessType>0</BusinessProcessType>
      <IsCustomProcessingStepAllowedForOtherPublishers>1</IsCustomProcessingStepAllowedForOtherPublishers>
      <PrimaryEntity>none</PrimaryEntity>
      <LocalizedNames>
        <LocalizedName languagecode="1033" description="SPOT - Create - Document library" />
      </LocalizedNames>
    </Workflow>
    <Workflow WorkflowId="{86b73283-4dc8-ee11-9079-000d3aae72b8}" Name="SPOT - Create - Permission level">
      <JsonFileName>/Workflows/SPOT-Create-Permissionlevel-86B73283-4DC8-EE11-9079-000D3AAE72B8.json</JsonFileName>
      <Type>1</Type>
      <Subprocess>0</Subprocess>
      <Category>5</Category>
      <Mode>0</Mode>
      <Scope>4</Scope>
      <OnDemand>0</OnDemand>
      <TriggerOnCreate>0</TriggerOnCreate>
      <TriggerOnDelete>0</TriggerOnDelete>
      <AsyncAutodelete>0</AsyncAutodelete>
      <SyncWorkflowLogOnFailure>0</SyncWorkflowLogOnFailure>
      <StateCode>1</StateCode>
      <StatusCode>2</StatusCode>
      <RunAs>1</RunAs>
      <IsTransacted>1</IsTransacted>
      <IntroducedVersion>2024.0.0.0</IntroducedVersion>
      <IsCustomizable>1</IsCustomizable>
      <BusinessProcessType>0</BusinessProcessType>
      <IsCustomProcessingStepAllowedForOtherPublishers>1</IsCustomProcessingStepAllowedForOtherPublishers>
      <PrimaryEntity>none</PrimaryEntity>
      <LocalizedNames>
        <LocalizedName languagecode="1033" description="SPOT - Create - Permission level" />
      </LocalizedNames>
    </Workflow>
    <Workflow WorkflowId="{b81fabb8-4dc8-ee11-9079-000d3aae72b8}" Name="SPOT - Create - Column">
      <JsonFileName>/Workflows/SPOT-Create-Column-B81FABB8-4DC8-EE11-9079-000D3AAE72B8.json</JsonFileName>
      <Type>1</Type>
      <Subprocess>0</Subprocess>
      <Category>5</Category>
      <Mode>0</Mode>
      <Scope>4</Scope>
      <OnDemand>0</OnDemand>
      <TriggerOnCreate>0</TriggerOnCreate>
      <TriggerOnDelete>0</TriggerOnDelete>
      <AsyncAutodelete>0</AsyncAutodelete>
      <SyncWorkflowLogOnFailure>0</SyncWorkflowLogOnFailure>
      <StateCode>1</StateCode>
      <StatusCode>2</StatusCode>
      <RunAs>1</RunAs>
      <IsTransacted>1</IsTransacted>
      <IntroducedVersion>2024.0.0.0</IntroducedVersion>
      <IsCustomizable>1</IsCustomizable>
      <BusinessProcessType>0</BusinessProcessType>
      <IsCustomProcessingStepAllowedForOtherPublishers>1</IsCustomProcessingStepAllowedForOtherPublishers>
      <PrimaryEntity>none</PrimaryEntity>
      <LocalizedNames>
        <LocalizedName languagecode="1033" description="SPOT - Create - Column" />
      </LocalizedNames>
    </Workflow>
    <Workflow WorkflowId="{445852e4-4dc8-ee11-9079-000d3aae72b8}" Name="SPOT - Create - View">
      <JsonFileName>/Workflows/SPOT-Create-View-445852E4-4DC8-EE11-9079-000D3AAE72B8.json</JsonFileName>
      <Type>1</Type>
      <Subprocess>0</Subprocess>
      <Category>5</Category>
      <Mode>0</Mode>
      <Scope>4</Scope>
      <OnDemand>0</OnDemand>
      <TriggerOnCreate>0</TriggerOnCreate>
      <TriggerOnDelete>0</TriggerOnDelete>
      <AsyncAutodelete>0</AsyncAutodelete>
      <SyncWorkflowLogOnFailure>0</SyncWorkflowLogOnFailure>
      <StateCode>1</StateCode>
      <StatusCode>2</StatusCode>
      <RunAs>1</RunAs>
      <IsTransacted>1</IsTransacted>
      <IntroducedVersion>2024.0.0.0</IntroducedVersion>
      <IsCustomizable>1</IsCustomizable>
      <BusinessProcessType>0</BusinessProcessType>
      <IsCustomProcessingStepAllowedForOtherPublishers>1</IsCustomProcessingStepAllowedForOtherPublishers>
      <PrimaryEntity>none</PrimaryEntity>
      <LocalizedNames>
        <LocalizedName languagecode="1033" description="SPOT - Create - View" />
      </LocalizedNames>
    </Workflow>
    <Workflow WorkflowId="{4de80454-4ec8-ee11-9079-000d3aae72b8}" Name="SPOT - Create - Permission">
      <JsonFileName>/Workflows/SPOT-Create-Permission-4DE80454-4EC8-EE11-9079-000D3AAE72B8.json</JsonFileName>
      <Type>1</Type>
      <Subprocess>0</Subprocess>
      <Category>5</Category>
      <Mode>0</Mode>
      <Scope>4</Scope>
      <OnDemand>0</OnDemand>
      <TriggerOnCreate>0</TriggerOnCreate>
      <TriggerOnDelete>0</TriggerOnDelete>
      <AsyncAutodelete>0</AsyncAutodelete>
      <SyncWorkflowLogOnFailure>0</SyncWorkflowLogOnFailure>
      <StateCode>1</StateCode>
      <StatusCode>2</StatusCode>
      <RunAs>1</RunAs>
      <IsTransacted>1</IsTransacted>
      <IntroducedVersion>2024.0.0.0</IntroducedVersion>
      <IsCustomizable>1</IsCustomizable>
      <BusinessProcessType>0</BusinessProcessType>
      <IsCustomProcessingStepAllowedForOtherPublishers>1</IsCustomProcessingStepAllowedForOtherPublishers>
      <PrimaryEntity>none</PrimaryEntity>
      <LocalizedNames>
        <LocalizedName languagecode="1033" description="SPOT - Create - Permission" />
      </LocalizedNames>
    </Workflow>
    <Workflow WorkflowId="{a0386ac1-d0c8-ee11-9079-000d3aae72b8}" Name="SPOT - Delete - Permission level">
      <JsonFileName>/Workflows/SPOT-Delete-Permissionlevel-A0386AC1-D0C8-EE11-9079-000D3AAE72B8.json</JsonFileName>
      <Type>1</Type>
      <Subprocess>0</Subprocess>
      <Category>5</Category>
      <Mode>0</Mode>
      <Scope>4</Scope>
      <OnDemand>0</OnDemand>
      <TriggerOnCreate>0</TriggerOnCreate>
      <TriggerOnDelete>0</TriggerOnDelete>
      <AsyncAutodelete>0</AsyncAutodelete>
      <SyncWorkflowLogOnFailure>0</SyncWorkflowLogOnFailure>
      <StateCode>1</StateCode>
      <StatusCode>2</StatusCode>
      <RunAs>1</RunAs>
      <IsTransacted>1</IsTransacted>
      <IntroducedVersion>2024.0.0.0</IntroducedVersion>
      <IsCustomizable>1</IsCustomizable>
      <BusinessProcessType>0</BusinessProcessType>
      <IsCustomProcessingStepAllowedForOtherPublishers>1</IsCustomProcessingStepAllowedForOtherPublishers>
      <PrimaryEntity>none</PrimaryEntity>
      <LocalizedNames>
        <LocalizedName languagecode="1033" description="SPOT - Delete - Permission level" />
      </LocalizedNames>
    </Workflow>
    <Workflow WorkflowId="{869ef0a3-d4c8-ee11-9079-000d3aae72b8}" Name="SPOT - Delete - Group">
      <JsonFileName>/Workflows/SPOT-Delete-Group-869EF0A3-D4C8-EE11-9079-000D3AAE72B8.json</JsonFileName>
      <Type>1</Type>
      <Subprocess>0</Subprocess>
      <Category>5</Category>
      <Mode>0</Mode>
      <Scope>4</Scope>
      <OnDemand>0</OnDemand>
      <TriggerOnCreate>0</TriggerOnCreate>
      <TriggerOnDelete>0</TriggerOnDelete>
      <AsyncAutodelete>0</AsyncAutodelete>
      <SyncWorkflowLogOnFailure>0</SyncWorkflowLogOnFailure>
      <StateCode>1</StateCode>
      <StatusCode>2</StatusCode>
      <RunAs>1</RunAs>
      <IsTransacted>1</IsTransacted>
      <IntroducedVersion>2024.0.0.0</IntroducedVersion>
      <IsCustomizable>1</IsCustomizable>
      <BusinessProcessType>0</BusinessProcessType>
      <IsCustomProcessingStepAllowedForOtherPublishers>1</IsCustomProcessingStepAllowedForOtherPublishers>
      <PrimaryEntity>none</PrimaryEntity>
      <LocalizedNames>
        <LocalizedName languagecode="1033" description="SPOT - Delete - Group" />
      </LocalizedNames>
    </Workflow>
    <Workflow WorkflowId="{aafc18c2-edc8-ee11-9079-000d3aae72b8}" Name="SPOT - Delete - List">
      <JsonFileName>/Workflows/SPOT-Delete-List-AAFC18C2-EDC8-EE11-9079-000D3AAE72B8.json</JsonFileName>
      <Type>1</Type>
      <Subprocess>0</Subprocess>
      <Category>5</Category>
      <Mode>0</Mode>
      <Scope>4</Scope>
      <OnDemand>0</OnDemand>
      <TriggerOnCreate>0</TriggerOnCreate>
      <TriggerOnDelete>0</TriggerOnDelete>
      <AsyncAutodelete>0</AsyncAutodelete>
      <SyncWorkflowLogOnFailure>0</SyncWorkflowLogOnFailure>
      <StateCode>1</StateCode>
      <StatusCode>2</StatusCode>
      <RunAs>1</RunAs>
      <IsTransacted>1</IsTransacted>
      <IntroducedVersion>2024.0.0.0</IntroducedVersion>
      <IsCustomizable>1</IsCustomizable>
      <BusinessProcessType>0</BusinessProcessType>
      <IsCustomProcessingStepAllowedForOtherPublishers>1</IsCustomProcessingStepAllowedForOtherPublishers>
      <PrimaryEntity>none</PrimaryEntity>
      <LocalizedNames>
        <LocalizedName languagecode="1033" description="SPOT - Delete - List" />
      </LocalizedNames>
    </Workflow>
    <Workflow WorkflowId="{c860510b-efc8-ee11-9079-000d3aae72b8}" Name="SPOT - Delete - Document library">
      <JsonFileName>/Workflows/SPOT-Delete-Documentlibrary-C860510B-EFC8-EE11-9079-000D3AAE72B8.json</JsonFileName>
      <Type>1</Type>
      <Subprocess>0</Subprocess>
      <Category>5</Category>
      <Mode>0</Mode>
      <Scope>4</Scope>
      <OnDemand>0</OnDemand>
      <TriggerOnCreate>0</TriggerOnCreate>
      <TriggerOnDelete>0</TriggerOnDelete>
      <AsyncAutodelete>0</AsyncAutodelete>
      <SyncWorkflowLogOnFailure>0</SyncWorkflowLogOnFailure>
      <StateCode>1</StateCode>
      <StatusCode>2</StatusCode>
      <RunAs>1</RunAs>
      <IsTransacted>1</IsTransacted>
      <IntroducedVersion>2024.0.0.0</IntroducedVersion>
      <IsCustomizable>1</IsCustomizable>
      <BusinessProcessType>0</BusinessProcessType>
      <IsCustomProcessingStepAllowedForOtherPublishers>1</IsCustomProcessingStepAllowedForOtherPublishers>
      <PrimaryEntity>none</PrimaryEntity>
      <LocalizedNames>
        <LocalizedName languagecode="1033" description="SPOT - Delete - Document library" />
      </LocalizedNames>
    </Workflow>
    <Workflow WorkflowId="{a0eee91e-8cc9-ee11-9079-000d3aae72b8}" Name="SPOT - Delete - Column">
      <JsonFileName>/Workflows/SPOT-Delete-Column-A0EEE91E-8CC9-EE11-9079-000D3AAE72B8.json</JsonFileName>
      <Type>1</Type>
      <Subprocess>0</Subprocess>
      <Category>5</Category>
      <Mode>0</Mode>
      <Scope>4</Scope>
      <OnDemand>0</OnDemand>
      <TriggerOnCreate>0</TriggerOnCreate>
      <TriggerOnDelete>0</TriggerOnDelete>
      <AsyncAutodelete>0</AsyncAutodelete>
      <SyncWorkflowLogOnFailure>0</SyncWorkflowLogOnFailure>
      <StateCode>1</StateCode>
      <StatusCode>2</StatusCode>
      <RunAs>1</RunAs>
      <IsTransacted>1</IsTransacted>
      <IntroducedVersion>2024.0.0.0</IntroducedVersion>
      <IsCustomizable>1</IsCustomizable>
      <BusinessProcessType>0</BusinessProcessType>
      <IsCustomProcessingStepAllowedForOtherPublishers>1</IsCustomProcessingStepAllowedForOtherPublishers>
      <PrimaryEntity>none</PrimaryEntity>
      <LocalizedNames>
        <LocalizedName languagecode="1033" description="SPOT - Delete - Column" />
      </LocalizedNames>
    </Workflow>
    <Workflow WorkflowId="{38882fb9-93c9-ee11-9079-000d3aae72b8}" Name="SPOT - Delete - Permission">
      <JsonFileName>/Workflows/SPOT-Delete-Permission-38882FB9-93C9-EE11-9079-000D3AAE72B8.json</JsonFileName>
      <Type>1</Type>
      <Subprocess>0</Subprocess>
      <Category>5</Category>
      <Mode>0</Mode>
      <Scope>4</Scope>
      <OnDemand>0</OnDemand>
      <TriggerOnCreate>0</TriggerOnCreate>
      <TriggerOnDelete>0</TriggerOnDelete>
      <AsyncAutodelete>0</AsyncAutodelete>
      <SyncWorkflowLogOnFailure>0</SyncWorkflowLogOnFailure>
      <StateCode>1</StateCode>
      <StatusCode>2</StatusCode>
      <RunAs>1</RunAs>
      <IsTransacted>1</IsTransacted>
      <IntroducedVersion>2024.0.0.0</IntroducedVersion>
      <IsCustomizable>1</IsCustomizable>
      <BusinessProcessType>0</BusinessProcessType>
      <IsCustomProcessingStepAllowedForOtherPublishers>1</IsCustomProcessingStepAllowedForOtherPublishers>
      <PrimaryEntity>none</PrimaryEntity>
      <LocalizedNames>
        <LocalizedName languagecode="1033" description="SPOT - Delete - Permission" />
      </LocalizedNames>
    </Workflow>
    <Workflow WorkflowId="{fc1035e1-93c9-ee11-9079-000d3aae72b8}" Name="SPOT - Delete - View">
      <JsonFileName>/Workflows/SPOT-Delete-View-FC1035E1-93C9-EE11-9079-000D3AAE72B8.json</JsonFileName>
      <Type>1</Type>
      <Subprocess>0</Subprocess>
      <Category>5</Category>
      <Mode>0</Mode>
      <Scope>4</Scope>
      <OnDemand>0</OnDemand>
      <TriggerOnCreate>0</TriggerOnCreate>
      <TriggerOnDelete>0</TriggerOnDelete>
      <AsyncAutodelete>0</AsyncAutodelete>
      <SyncWorkflowLogOnFailure>0</SyncWorkflowLogOnFailure>
      <StateCode>1</StateCode>
      <StatusCode>2</StatusCode>
      <RunAs>1</RunAs>
      <IsTransacted>1</IsTransacted>
      <IntroducedVersion>2024.0.0.0</IntroducedVersion>
      <IsCustomizable>1</IsCustomizable>
      <BusinessProcessType>0</BusinessProcessType>
      <IsCustomProcessingStepAllowedForOtherPublishers>1</IsCustomProcessingStepAllowedForOtherPublishers>
      <PrimaryEntity>none</PrimaryEntity>
      <LocalizedNames>
        <LocalizedName languagecode="1033" description="SPOT - Delete - View" />
      </LocalizedNames>
    </Workflow>
  </Workflows>
  <FieldSecurityProfiles></FieldSecurityProfiles>
  <Templates />
  <EntityMaps />
  <EntityRelationships />
  <OrganizationSettings />
  <optionsets />
  <CustomControls />
  <EntityDataProviders />
  <CanvasApps>
    <CanvasApp>
      <Name>faf_spotdeployment_5e6f4</Name>
      <AppVersion>2024-02-29T16:52:28Z</AppVersion>
      <Status>Ready</Status>
      <CreatedByClientVersion>3.24023.11.0</CreatedByClientVersion>
      <MinClientVersion>3.24023.11.0</MinClientVersion>
      <Tags>{"primaryDeviceWidth":"1366","primaryDeviceHeight":"768","supportsPortrait":"true","supportsLandscape":"true","primaryFormFactor":"Tablet","showStatusBar":"false","publisherVersion":"3.24023.11","minimumRequiredApiVersion":"2.2.0","hasComponent":"true","hasUnlockedComponent":"false","isUnifiedRootApp":"false","offlineLargeFilesSupport":"false","sienaVersion":"20240229T142255Z-3.24023.11.0"}</Tags>
      <IsCdsUpgraded>0</IsCdsUpgraded>
      <GalleryItemId xsi:nil="true"></GalleryItemId>
      <BackgroundColor>rgba(255, 255, 255, 1)</BackgroundColor>
      <DisplayName>SPOT - Deployment</DisplayName>
      <Description xsi:nil="true"></Description>
      <CommitMessage>Version 1.0</CommitMessage>
      <Publisher></Publisher>
      <AuthorizationReferences>[]</AuthorizationReferences>
      <ConnectionReferences>{"25a6e0dd-75f6-452c-9ac1-e3eec50f606a":{"id":"/providers/microsoft.powerapps/apis/shared_logicflows","displayName":"Logic flows","iconUri":"https://connectoricons-prod.azureedge.net/releases/v1.0.1664/1.0.1664.3477/logicflows/icon.png","dataSources":["SPOT-Create-Documentlibrary"],"dependencies":["45ddfc1c-aca7-4f0a-a3d4-81a309273144"],"dependents":[],"parameterHints":{"workflowName":{"value":"bc6d2ab3-0b8b-4e49-bb86-d58b790572de"},"workflowEntityId":{"value":"0ddde055-4dc8-ee11-9079-000d3aae72b8"},"workflowDisplayName":{"value":"SPOT - Create - Document library"},"45ddfc1c-aca7-4f0a-a3d4-81a309273144":{"value":"shared_sharepointonline_1"}},"parameterHintsV2":{"workflowName":{"value":"bc6d2ab3-0b8b-4e49-bb86-d58b790572de"},"workflowEntityId":{"value":"0ddde055-4dc8-ee11-9079-000d3aae72b8"},"workflowDisplayName":{"value":"SPOT - Create - Document library"},"shared_sharepointonline_1":{"value":"45ddfc1c-aca7-4f0a-a3d4-81a309273144"}},"isOnPremiseConnection":false,"bypassConsent":false,"dataSets":{},"apiTier":"Standard","actions":["Run"]},"45ddfc1c-aca7-4f0a-a3d4-81a309273144":{"id":"/providers/microsoft.powerapps/apis/shared_sharepointonline","displayName":"SharePoint","iconUri":"https://connectoricons-prod.azureedge.net/releases/v1.0.1676/1.0.1676.3617/sharepointonline/icon.png","dataSources":[],"dependencies":[],"dependents":["25a6e0dd-75f6-452c-9ac1-e3eec50f606a","e9b5d42a-bd44-40d5-aa8d-8b805b4246f7","3817a0b8-8187-4bf6-9f06-bc0e791b2739","6adcc61e-6ae2-4c16-86d0-cf9277447d0c","dbaee6a2-382b-4167-82d4-dbb7ba5c8029","17996499-de2d-4f84-a3d9-ad407861a1e5","f5e74da4-cc7b-46ec-96ac-95ca0ccba3a9","37e1ee94-c71a-44bc-9f92-d29f5115bbe7","317f00be-01ae-4ba9-ac0b-8b300c29dddd","8a3d6bae-8550-4748-9e80-233b66973d92","26469df5-24ae-4ee0-bf3b-96b3e5d47095","d4bf5643-6afb-481a-81a2-a228bd1866b8"],"parameterHints":{},"parameterHintsV2":{},"isOnPremiseConnection":false,"bypassConsent":false,"dataSets":{},"apiTier":"Standard"},"e9b5d42a-bd44-40d5-aa8d-8b805b4246f7":{"id":"/providers/microsoft.powerapps/apis/shared_logicflows","displayName":"Logic flows","iconUri":"https://connectoricons-prod.azureedge.net/releases/v1.0.1664/1.0.1664.3477/logicflows/icon.png","dataSources":["SPOT-Create-Group"],"dependencies":["45ddfc1c-aca7-4f0a-a3d4-81a309273144"],"dependents":[],"parameterHints":{"workflowName":{"value":"62fb5125-6d2a-419f-8d32-977be5c46c5b"},"workflowEntityId":{"value":"9884671f-4dc8-ee11-9079-000d3aae72b8"},"workflowDisplayName":{"value":"SPOT - Create - Group"},"45ddfc1c-aca7-4f0a-a3d4-81a309273144":{"value":"shared_sharepointonline"}},"parameterHintsV2":{"workflowName":{"value":"62fb5125-6d2a-419f-8d32-977be5c46c5b"},"workflowEntityId":{"value":"9884671f-4dc8-ee11-9079-000d3aae72b8"},"workflowDisplayName":{"value":"SPOT - Create - Group"},"shared_sharepointonline":{"value":"45ddfc1c-aca7-4f0a-a3d4-81a309273144"}},"isOnPremiseConnection":false,"bypassConsent":false,"dataSets":{},"apiTier":"Standard","actions":["Run"]},"3817a0b8-8187-4bf6-9f06-bc0e791b2739":{"id":"/providers/microsoft.powerapps/apis/shared_logicflows","displayName":"Logic flows","iconUri":"https://connectoricons-prod.azureedge.net/releases/v1.0.1664/1.0.1664.3477/logicflows/icon.png","dataSources":["SPOT-Create-Permissionlevel"],"dependencies":["45ddfc1c-aca7-4f0a-a3d4-81a309273144"],"dependents":[],"parameterHints":{"workflowName":{"value":"1fec777f-eadd-4156-9c16-c37625ab2674"},"workflowEntityId":{"value":"86b73283-4dc8-ee11-9079-000d3aae72b8"},"workflowDisplayName":{"value":"SPOT - Create - Permission level"},"45ddfc1c-aca7-4f0a-a3d4-81a309273144":{"value":"shared_sharepointonline"}},"parameterHintsV2":{"workflowName":{"value":"1fec777f-eadd-4156-9c16-c37625ab2674"},"workflowEntityId":{"value":"86b73283-4dc8-ee11-9079-000d3aae72b8"},"workflowDisplayName":{"value":"SPOT - Create - Permission level"},"shared_sharepointonline":{"value":"45ddfc1c-aca7-4f0a-a3d4-81a309273144"}},"isOnPremiseConnection":false,"bypassConsent":false,"dataSets":{},"apiTier":"Standard","actions":["Run"]},"6adcc61e-6ae2-4c16-86d0-cf9277447d0c":{"id":"/providers/microsoft.powerapps/apis/shared_logicflows","displayName":"Logic flows","iconUri":"https://connectoricons-prod.azureedge.net/releases/v1.0.1664/1.0.1664.3477/logicflows/icon.png","dataSources":["SPOT-Create-Column"],"dependencies":["45ddfc1c-aca7-4f0a-a3d4-81a309273144"],"dependents":[],"parameterHints":{"workflowName":{"value":"a8850f2e-0fdf-4f2f-92eb-fca1d8eef3d3"},"workflowEntityId":{"value":"b81fabb8-4dc8-ee11-9079-000d3aae72b8"},"workflowDisplayName":{"value":"SPOT - Create - Column"},"45ddfc1c-aca7-4f0a-a3d4-81a309273144":{"value":"shared_sharepointonline_1"}},"parameterHintsV2":{"workflowName":{"value":"a8850f2e-0fdf-4f2f-92eb-fca1d8eef3d3"},"workflowEntityId":{"value":"b81fabb8-4dc8-ee11-9079-000d3aae72b8"},"workflowDisplayName":{"value":"SPOT - Create - Column"},"shared_sharepointonline_1":{"value":"45ddfc1c-aca7-4f0a-a3d4-81a309273144"}},"isOnPremiseConnection":false,"bypassConsent":false,"dataSets":{},"apiTier":"Standard","actions":["Run"]},"dbaee6a2-382b-4167-82d4-dbb7ba5c8029":{"id":"/providers/microsoft.powerapps/apis/shared_logicflows","displayName":"Logic flows","iconUri":"https://connectoricons-prod.azureedge.net/releases/v1.0.1664/1.0.1664.3477/logicflows/icon.png","dataSources":["SPOT-Create-Permission"],"dependencies":["45ddfc1c-aca7-4f0a-a3d4-81a309273144"],"dependents":[],"parameterHints":{"workflowName":{"value":"4e2c420a-9a3a-484e-9ffd-31ff8cb1de5c"},"workflowEntityId":{"value":"4de80454-4ec8-ee11-9079-000d3aae72b8"},"workflowDisplayName":{"value":"SPOT - Create - Permission"},"45ddfc1c-aca7-4f0a-a3d4-81a309273144":{"value":"shared_sharepointonline_1"}},"parameterHintsV2":{"workflowName":{"value":"4e2c420a-9a3a-484e-9ffd-31ff8cb1de5c"},"workflowEntityId":{"value":"4de80454-4ec8-ee11-9079-000d3aae72b8"},"workflowDisplayName":{"value":"SPOT - Create - Permission"},"shared_sharepointonline_1":{"value":"45ddfc1c-aca7-4f0a-a3d4-81a309273144"}},"isOnPremiseConnection":false,"bypassConsent":false,"dataSets":{},"apiTier":"Standard","actions":["Run"]},"17996499-de2d-4f84-a3d9-ad407861a1e5":{"id":"/providers/microsoft.powerapps/apis/shared_logicflows","displayName":"Logic flows","iconUri":"https://connectoricons-prod.azureedge.net/releases/v1.0.1664/1.0.1664.3477/logicflows/icon.png","dataSources":["SPOT-Delete-Permissionlevel"],"dependencies":["45ddfc1c-aca7-4f0a-a3d4-81a309273144"],"dependents":[],"parameterHints":{"workflowName":{"value":"638d1ff4-c927-4765-bd24-2bf5e7f8d5b7"},"workflowEntityId":{"value":"a0386ac1-d0c8-ee11-9079-000d3aae72b8"},"workflowDisplayName":{"value":"SPOT - Delete - Permission level"},"45ddfc1c-aca7-4f0a-a3d4-81a309273144":{"value":"shared_sharepointonline"}},"parameterHintsV2":{"workflowName":{"value":"638d1ff4-c927-4765-bd24-2bf5e7f8d5b7"},"workflowEntityId":{"value":"a0386ac1-d0c8-ee11-9079-000d3aae72b8"},"workflowDisplayName":{"value":"SPOT - Delete - Permission level"},"shared_sharepointonline":{"value":"45ddfc1c-aca7-4f0a-a3d4-81a309273144"}},"isOnPremiseConnection":false,"bypassConsent":false,"dataSets":{},"apiTier":"Standard","actions":["Run"]},"f5e74da4-cc7b-46ec-96ac-95ca0ccba3a9":{"id":"/providers/microsoft.powerapps/apis/shared_logicflows","displayName":"Logic flows","iconUri":"https://connectoricons-prod.azureedge.net/releases/v1.0.1664/1.0.1664.3477/logicflows/icon.png","dataSources":["SPOT-Delete-Group"],"dependencies":["45ddfc1c-aca7-4f0a-a3d4-81a309273144"],"dependents":[],"parameterHints":{"workflowName":{"value":"c8b58cb8-edda-4a4b-b63e-663429778d3e"},"workflowEntityId":{"value":"869ef0a3-d4c8-ee11-9079-000d3aae72b8"},"workflowDisplayName":{"value":"SPOT - Delete - Group"},"45ddfc1c-aca7-4f0a-a3d4-81a309273144":{"value":"shared_sharepointonline"}},"parameterHintsV2":{"workflowName":{"value":"c8b58cb8-edda-4a4b-b63e-663429778d3e"},"workflowEntityId":{"value":"869ef0a3-d4c8-ee11-9079-000d3aae72b8"},"workflowDisplayName":{"value":"SPOT - Delete - Group"},"shared_sharepointonline":{"value":"45ddfc1c-aca7-4f0a-a3d4-81a309273144"}},"isOnPremiseConnection":false,"bypassConsent":false,"dataSets":{},"apiTier":"Standard","actions":["Run"]},"37e1ee94-c71a-44bc-9f92-d29f5115bbe7":{"id":"/providers/microsoft.powerapps/apis/shared_logicflows","displayName":"Logic flows","iconUri":"https://connectoricons-prod.azureedge.net/releases/v1.0.1664/1.0.1664.3477/logicflows/icon.png","dataSources":["SPOT-Delete-List"],"dependencies":["45ddfc1c-aca7-4f0a-a3d4-81a309273144"],"dependents":[],"parameterHints":{"workflowName":{"value":"6598eb10-deed-4ab3-8b16-89c0238e7f08"},"workflowEntityId":{"value":"aafc18c2-edc8-ee11-9079-000d3aae72b8"},"workflowDisplayName":{"value":"SPOT - Delete - List"},"45ddfc1c-aca7-4f0a-a3d4-81a309273144":{"value":"shared_sharepointonline_1"}},"parameterHintsV2":{"workflowName":{"value":"6598eb10-deed-4ab3-8b16-89c0238e7f08"},"workflowEntityId":{"value":"aafc18c2-edc8-ee11-9079-000d3aae72b8"},"workflowDisplayName":{"value":"SPOT - Delete - List"},"shared_sharepointonline_1":{"value":"45ddfc1c-aca7-4f0a-a3d4-81a309273144"}},"isOnPremiseConnection":false,"bypassConsent":false,"dataSets":{},"apiTier":"Standard","actions":["Run"]},"317f00be-01ae-4ba9-ac0b-8b300c29dddd":{"id":"/providers/microsoft.powerapps/apis/shared_logicflows","displayName":"Logic flows","iconUri":"https://connectoricons-prod.azureedge.net/releases/v1.0.1664/1.0.1664.3477/logicflows/icon.png","dataSources":["SPOT-Delete-Documentlibrary"],"dependencies":["45ddfc1c-aca7-4f0a-a3d4-81a309273144"],"dependents":[],"parameterHints":{"workflowName":{"value":"eccd6b78-caa3-482a-ab2d-5fef15125521"},"workflowEntityId":{"value":"c860510b-efc8-ee11-9079-000d3aae72b8"},"workflowDisplayName":{"value":"SPOT - Delete - Document library"},"45ddfc1c-aca7-4f0a-a3d4-81a309273144":{"value":"shared_sharepointonline_1"}},"parameterHintsV2":{"workflowName":{"value":"eccd6b78-caa3-482a-ab2d-5fef15125521"},"workflowEntityId":{"value":"c860510b-efc8-ee11-9079-000d3aae72b8"},"workflowDisplayName":{"value":"SPOT - Delete - Document library"},"shared_sharepointonline_1":{"value":"45ddfc1c-aca7-4f0a-a3d4-81a309273144"}},"isOnPremiseConnection":false,"bypassConsent":false,"dataSets":{},"apiTier":"Standard","actions":["Run"]},"8a3d6bae-8550-4748-9e80-233b66973d92":{"id":"/providers/microsoft.powerapps/apis/shared_logicflows","displayName":"Logic flows","iconUri":"https://connectoricons-prod.azureedge.net/releases/v1.0.1664/1.0.1664.3477/logicflows/icon.png","dataSources":["SPOT-Delete-Column"],"dependencies":["45ddfc1c-aca7-4f0a-a3d4-81a309273144"],"dependents":[],"parameterHints":{"workflowName":{"value":"2170b100-de84-48f3-88f4-3614ec3c9aba"},"workflowEntityId":{"value":"a0eee91e-8cc9-ee11-9079-000d3aae72b8"},"workflowDisplayName":{"value":"SPOT - Delete - Column"},"45ddfc1c-aca7-4f0a-a3d4-81a309273144":{"value":"shared_sharepointonline_1"}},"parameterHintsV2":{"workflowName":{"value":"2170b100-de84-48f3-88f4-3614ec3c9aba"},"workflowEntityId":{"value":"a0eee91e-8cc9-ee11-9079-000d3aae72b8"},"workflowDisplayName":{"value":"SPOT - Delete - Column"},"shared_sharepointonline_1":{"value":"45ddfc1c-aca7-4f0a-a3d4-81a309273144"}},"isOnPremiseConnection":false,"bypassConsent":false,"dataSets":{},"apiTier":"Standard","actions":["Run"]},"26469df5-24ae-4ee0-bf3b-96b3e5d47095":{"id":"/providers/microsoft.powerapps/apis/shared_logicflows","displayName":"Logic flows","iconUri":"https://connectoricons-prod.azureedge.net/releases/v1.0.1664/1.0.1664.3477/logicflows/icon.png","dataSources":["SPOT-Delete-Permission"],"dependencies":["45ddfc1c-aca7-4f0a-a3d4-81a309273144"],"dependents":[],"parameterHints":{"workflowName":{"value":"9053a0ea-ee96-4589-82c5-1e45eb5b6ddd"},"workflowEntityId":{"value":"38882fb9-93c9-ee11-9079-000d3aae72b8"},"workflowDisplayName":{"value":"SPOT - Delete - Permission"},"45ddfc1c-aca7-4f0a-a3d4-81a309273144":{"value":"shared_sharepointonline_1"}},"parameterHintsV2":{"workflowName":{"value":"9053a0ea-ee96-4589-82c5-1e45eb5b6ddd"},"workflowEntityId":{"value":"38882fb9-93c9-ee11-9079-000d3aae72b8"},"workflowDisplayName":{"value":"SPOT - Delete - Permission"},"shared_sharepointonline_1":{"value":"45ddfc1c-aca7-4f0a-a3d4-81a309273144"}},"isOnPremiseConnection":false,"bypassConsent":false,"dataSets":{},"apiTier":"Standard","actions":["Run"]},"d4bf5643-6afb-481a-81a2-a228bd1866b8":{"id":"/providers/microsoft.powerapps/apis/shared_logicflows","displayName":"Logic flows","iconUri":"https://connectoricons-prod.azureedge.net/releases/v1.0.1664/1.0.1664.3477/logicflows/icon.png","dataSources":["SPOT-Create-List"],"dependencies":["45ddfc1c-aca7-4f0a-a3d4-81a309273144"],"dependents":[],"parameterHints":{"workflowName":{"value":"67cff237-5602-4d63-8481-ca9dff8ae4e3"},"workflowEntityId":{"value":"ded4ac90-19be-ee11-9079-000d3aae72b8"},"workflowDisplayName":{"value":"SPOT - Create - List"},"45ddfc1c-aca7-4f0a-a3d4-81a309273144":{"value":"shared_sharepointonline"}},"parameterHintsV2":{"workflowName":{"value":"67cff237-5602-4d63-8481-ca9dff8ae4e3"},"workflowEntityId":{"value":"ded4ac90-19be-ee11-9079-000d3aae72b8"},"workflowDisplayName":{"value":"SPOT - Create - List"},"shared_sharepointonline":{"value":"45ddfc1c-aca7-4f0a-a3d4-81a309273144"}},"isOnPremiseConnection":false,"bypassConsent":false,"dataSets":{},"apiTier":"Standard","actions":["Run"]}}</ConnectionReferences>
      <DatabaseReferences>{}</DatabaseReferences>
      <AppComponents>[]</AppComponents>
      <AppComponentDependencies>[{"appComponentName":"35e5588f03f04b6784901cfd9ad6090f","appName":"acd555a2-b61d-4fd7-98d1-ad7e421d2769","appComponentLibraryName":"d87df162-23a3-4503-ac50-13eb386b5cd8","appComponentLibraryVersion":"2024-01-28T11:20:06Z","appComponentLibraryLogicalName":"faf_paco_877d7","environmentName":"default-80abc0a6-d93f-4379-a387-8ffbf039fa91"},{"appComponentName":"5783ab3906654229b07de8cc9b42de79","appName":"acd555a2-b61d-4fd7-98d1-ad7e421d2769","appComponentLibraryName":"d87df162-23a3-4503-ac50-13eb386b5cd8","appComponentLibraryVersion":"2024-01-28T11:20:06Z","appComponentLibraryLogicalName":"faf_paco_877d7","environmentName":"default-80abc0a6-d93f-4379-a387-8ffbf039fa91"},{"appComponentName":"6cc17fa9fef742f99265f0a5da55a032","appName":"acd555a2-b61d-4fd7-98d1-ad7e421d2769","appComponentLibraryName":"d87df162-23a3-4503-ac50-13eb386b5cd8","appComponentLibraryVersion":"2024-01-28T11:20:06Z","appComponentLibraryLogicalName":"faf_paco_877d7","environmentName":"default-80abc0a6-d93f-4379-a387-8ffbf039fa91"},{"appComponentName":"cf356dabe9d94e90900ff197a50aa565","appName":"acd555a2-b61d-4fd7-98d1-ad7e421d2769","appComponentLibraryName":"d87df162-23a3-4503-ac50-13eb386b5cd8","appComponentLibraryVersion":"2024-01-28T11:20:06Z","appComponentLibraryLogicalName":"faf_paco_877d7","environmentName":"default-80abc0a6-d93f-4379-a387-8ffbf039fa91"},{"appComponentName":"d06303d86725479aa0ec7401208cd0a3","appName":"acd555a2-b61d-4fd7-98d1-ad7e421d2769","appComponentLibraryName":"d87df162-23a3-4503-ac50-13eb386b5cd8","appComponentLibraryVersion":"2024-01-28T11:20:06Z","appComponentLibraryLogicalName":"faf_paco_877d7","environmentName":"default-80abc0a6-d93f-4379-a387-8ffbf039fa91"},{"appComponentName":"b9bc42caeee7419f996665959f65bfd0","appName":"acd555a2-b61d-4fd7-98d1-ad7e421d2769","appComponentLibraryName":"d87df162-23a3-4503-ac50-13eb386b5cd8","appComponentLibraryVersion":"2024-01-28T11:20:06Z","appComponentLibraryLogicalName":"faf_paco_877d7","environmentName":"default-80abc0a6-d93f-4379-a387-8ffbf039fa91"},{"appComponentName":"957aeeea5fa34085b22cb096d6ffca7b","appName":"acd555a2-b61d-4fd7-98d1-ad7e421d2769","appComponentLibraryName":"d87df162-23a3-4503-ac50-13eb386b5cd8","appComponentLibraryVersion":"2024-01-28T11:20:06Z","appComponentLibraryLogicalName":"faf_paco_877d7","environmentName":"default-80abc0a6-d93f-4379-a387-8ffbf039fa91"},{"appComponentName":"6395f1ced8964b30b95333007c006642","appName":"acd555a2-b61d-4fd7-98d1-ad7e421d2769","appComponentLibraryName":"d87df162-23a3-4503-ac50-13eb386b5cd8","appComponentLibraryVersion":"2024-01-28T11:20:06Z","appComponentLibraryLogicalName":"faf_paco_877d7","environmentName":"default-80abc0a6-d93f-4379-a387-8ffbf039fa91"},{"appComponentName":"095440b1e5904c28ad67cd3d8a68f456","appName":"acd555a2-b61d-4fd7-98d1-ad7e421d2769","appComponentLibraryName":"d87df162-23a3-4503-ac50-13eb386b5cd8","appComponentLibraryVersion":"2024-01-28T11:20:06Z","appComponentLibraryLogicalName":"faf_paco_877d7","environmentName":"default-80abc0a6-d93f-4379-a387-8ffbf039fa91"},{"appComponentName":"f95cd6d4014f420fb9917fb20880c054","appName":"acd555a2-b61d-4fd7-98d1-ad7e421d2769","appComponentLibraryName":"d87df162-23a3-4503-ac50-13eb386b5cd8","appComponentLibraryVersion":"2024-01-28T11:20:06Z","appComponentLibraryLogicalName":"faf_paco_877d7","environmentName":"default-80abc0a6-d93f-4379-a387-8ffbf039fa91"}]</AppComponentDependencies>
      <CanConsumeAppPass>1</CanConsumeAppPass>
      <CanvasAppType>0</CanvasAppType>
      <BypassConsent>0</BypassConsent>
      <AdminControlBypassConsent>0</AdminControlBypassConsent>
      <EmbeddedApp xsi:nil="true"></EmbeddedApp>
      <IntroducedVersion>1.0</IntroducedVersion>
      <CdsDependencies>{"cdsdependencies":[{"dependencyid":"0ddde055-4dc8-ee11-9079-000d3aae72b8","componenttype":29,"componenttypeplatformname":"Workflow"},{"dependencyid":"9884671f-4dc8-ee11-9079-000d3aae72b8","componenttype":29,"componenttypeplatformname":"Workflow"},{"dependencyid":"86b73283-4dc8-ee11-9079-000d3aae72b8","componenttype":29,"componenttypeplatformname":"Workflow"},{"dependencyid":"b81fabb8-4dc8-ee11-9079-000d3aae72b8","componenttype":29,"componenttypeplatformname":"Workflow"},{"dependencyid":"4de80454-4ec8-ee11-9079-000d3aae72b8","componenttype":29,"componenttypeplatformname":"Workflow"},{"dependencyid":"a0386ac1-d0c8-ee11-9079-000d3aae72b8","componenttype":29,"componenttypeplatformname":"Workflow"},{"dependencyid":"869ef0a3-d4c8-ee11-9079-000d3aae72b8","componenttype":29,"componenttypeplatformname":"Workflow"},{"dependencyid":"aafc18c2-edc8-ee11-9079-000d3aae72b8","componenttype":29,"componenttypeplatformname":"Workflow"},{"dependencyid":"c860510b-efc8-ee11-9079-000d3aae72b8","componenttype":29,"componenttypeplatformname":"Workflow"},{"dependencyid":"a0eee91e-8cc9-ee11-9079-000d3aae72b8","componenttype":29,"componenttypeplatformname":"Workflow"},{"dependencyid":"38882fb9-93c9-ee11-9079-000d3aae72b8","componenttype":29,"componenttypeplatformname":"Workflow"},{"dependencyid":"ded4ac90-19be-ee11-9079-000d3aae72b8","componenttype":29,"componenttypeplatformname":"Workflow"},{"logicalname":"faf_paco_877d7","componenttype":300,"componenttypeplatformname":"CanvasApp"}]}</CdsDependencies>
      <IsCustomizable>1</IsCustomizable>
      <BackgroundImageUri>/CanvasApps/faf_spotdeployment_5e6f4_BackgroundImageUri</BackgroundImageUri>
      <DocumentUri>/CanvasApps/faf_spotdeployment_5e6f4_DocumentUri.msapp</DocumentUri>
      <AdditionalUris>
        <AdditionalUri>/CanvasApps/faf_spotdeployment_5e6f4_AdditionalUris0_identity.json</AdditionalUri>
      </AdditionalUris>
    </CanvasApp>
    <CanvasApp>
      <Name>faf_spotdefinition_deb06</Name>
      <AppVersion>2024-02-29T14:22:45Z</AppVersion>
      <Status>Ready</Status>
      <CreatedByClientVersion>3.24023.11.0</CreatedByClientVersion>
      <MinClientVersion>3.24023.11.0</MinClientVersion>
      <Tags>{"primaryDeviceWidth":"1871","primaryDeviceHeight":"855","supportsPortrait":"true","supportsLandscape":"true","primaryFormFactor":"Tablet","showStatusBar":"false","publisherVersion":"3.24023.11","minimumRequiredApiVersion":"2.2.0","hasComponent":"true","hasUnlockedComponent":"false","isUnifiedRootApp":"false","offlineLargeFilesSupport":"false","sienaVersion":"20240228T054259Z-3.24022.13.0"}</Tags>
      <IsCdsUpgraded>0</IsCdsUpgraded>
      <GalleryItemId xsi:nil="true"></GalleryItemId>
      <BackgroundColor>rgba(255, 255, 255, 1)</BackgroundColor>
      <DisplayName>SPOT - Definition</DisplayName>
      <Description xsi:nil="true"></Description>
      <CommitMessage>Version 1.0</CommitMessage>
      <Publisher></Publisher>
      <AuthorizationReferences>[]</AuthorizationReferences>
      <ConnectionReferences>{}</ConnectionReferences>
      <DatabaseReferences>{}</DatabaseReferences>
      <AppComponents>[]</AppComponents>
      <AppComponentDependencies>[{"appComponentName":"35e5588f03f04b6784901cfd9ad6090f","appName":"b3e82e9e-2869-4c32-bd40-baf3d7661a7d","appComponentLibraryName":"d87df162-23a3-4503-ac50-13eb386b5cd8","appComponentLibraryVersion":"2024-01-28T11:20:06Z","appComponentLibraryLogicalName":"faf_paco_877d7","environmentName":"default-80abc0a6-d93f-4379-a387-8ffbf039fa91"},{"appComponentName":"5783ab3906654229b07de8cc9b42de79","appName":"b3e82e9e-2869-4c32-bd40-baf3d7661a7d","appComponentLibraryName":"d87df162-23a3-4503-ac50-13eb386b5cd8","appComponentLibraryVersion":"2024-01-28T11:20:06Z","appComponentLibraryLogicalName":"faf_paco_877d7","environmentName":"default-80abc0a6-d93f-4379-a387-8ffbf039fa91"},{"appComponentName":"6cc17fa9fef742f99265f0a5da55a032","appName":"b3e82e9e-2869-4c32-bd40-baf3d7661a7d","appComponentLibraryName":"d87df162-23a3-4503-ac50-13eb386b5cd8","appComponentLibraryVersion":"2024-01-28T11:20:06Z","appComponentLibraryLogicalName":"faf_paco_877d7","environmentName":"default-80abc0a6-d93f-4379-a387-8ffbf039fa91"},{"appComponentName":"cf356dabe9d94e90900ff197a50aa565","appName":"b3e82e9e-2869-4c32-bd40-baf3d7661a7d","appComponentLibraryName":"d87df162-23a3-4503-ac50-13eb386b5cd8","appComponentLibraryVersion":"2024-01-28T11:20:06Z","appComponentLibraryLogicalName":"faf_paco_877d7","environmentName":"default-80abc0a6-d93f-4379-a387-8ffbf039fa91"},{"appComponentName":"d06303d86725479aa0ec7401208cd0a3","appName":"b3e82e9e-2869-4c32-bd40-baf3d7661a7d","appComponentLibraryName":"d87df162-23a3-4503-ac50-13eb386b5cd8","appComponentLibraryVersion":"2024-01-28T11:20:06Z","appComponentLibraryLogicalName":"faf_paco_877d7","environmentName":"default-80abc0a6-d93f-4379-a387-8ffbf039fa91"},{"appComponentName":"b9bc42caeee7419f996665959f65bfd0","appName":"b3e82e9e-2869-4c32-bd40-baf3d7661a7d","appComponentLibraryName":"d87df162-23a3-4503-ac50-13eb386b5cd8","appComponentLibraryVersion":"2024-01-28T11:20:06Z","appComponentLibraryLogicalName":"faf_paco_877d7","environmentName":"default-80abc0a6-d93f-4379-a387-8ffbf039fa91"},{"appComponentName":"957aeeea5fa34085b22cb096d6ffca7b","appName":"b3e82e9e-2869-4c32-bd40-baf3d7661a7d","appComponentLibraryName":"d87df162-23a3-4503-ac50-13eb386b5cd8","appComponentLibraryVersion":"2024-01-28T11:20:06Z","appComponentLibraryLogicalName":"faf_paco_877d7","environmentName":"default-80abc0a6-d93f-4379-a387-8ffbf039fa91"},{"appComponentName":"6395f1ced8964b30b95333007c006642","appName":"b3e82e9e-2869-4c32-bd40-baf3d7661a7d","appComponentLibraryName":"d87df162-23a3-4503-ac50-13eb386b5cd8","appComponentLibraryVersion":"2024-01-28T11:20:06Z","appComponentLibraryLogicalName":"faf_paco_877d7","environmentName":"default-80abc0a6-d93f-4379-a387-8ffbf039fa91"},{"appComponentName":"095440b1e5904c28ad67cd3d8a68f456","appName":"b3e82e9e-2869-4c32-bd40-baf3d7661a7d","appComponentLibraryName":"d87df162-23a3-4503-ac50-13eb386b5cd8","appComponentLibraryVersion":"2024-01-28T11:20:06Z","appComponentLibraryLogicalName":"faf_paco_877d7","environmentName":"default-80abc0a6-d93f-4379-a387-8ffbf039fa91"}]</AppComponentDependencies>
      <CanConsumeAppPass>1</CanConsumeAppPass>
      <CanvasAppType>0</CanvasAppType>
      <BypassConsent>0</BypassConsent>
      <AdminControlBypassConsent>0</AdminControlBypassConsent>
      <EmbeddedApp xsi:nil="true"></EmbeddedApp>
      <IntroducedVersion>1.0</IntroducedVersion>
      <CdsDependencies>{"cdsdependencies":[{"logicalname":"faf_paco_877d7","componenttype":300,"componenttypeplatformname":"CanvasApp"}]}</CdsDependencies>
      <IsCustomizable>1</IsCustomizable>
      <BackgroundImageUri>/CanvasApps/faf_spotdefinition_deb06_BackgroundImageUri</BackgroundImageUri>
      <DocumentUri>/CanvasApps/faf_spotdefinition_deb06_DocumentUri.msapp</DocumentUri>
      <AdditionalUris>
        <AdditionalUri>/CanvasApps/faf_spotdefinition_deb06_AdditionalUris0_identity.json</AdditionalUri>
      </AdditionalUris>
    </CanvasApp>
    <CanvasApp>
      <Name>faf_spotvalidation_a702e</Name>
      <AppVersion>2024-02-29T16:52:19Z</AppVersion>
      <Status>Ready</Status>
      <CreatedByClientVersion>3.24023.11.0</CreatedByClientVersion>
      <MinClientVersion>3.24023.11.0</MinClientVersion>
      <Tags>{"primaryDeviceWidth":"1366","primaryDeviceHeight":"768","supportsPortrait":"true","supportsLandscape":"true","primaryFormFactor":"Tablet","showStatusBar":"false","publisherVersion":"3.24023.11","minimumRequiredApiVersion":"2.2.0","hasComponent":"true","hasUnlockedComponent":"false","isUnifiedRootApp":"false","offlineLargeFilesSupport":"false","sienaVersion":"20240229T142307Z-3.24023.11.0"}</Tags>
      <IsCdsUpgraded>0</IsCdsUpgraded>
      <GalleryItemId xsi:nil="true"></GalleryItemId>
      <BackgroundColor>rgba(255, 255, 255, 1)</BackgroundColor>
      <DisplayName>SPOT - Validation</DisplayName>
      <Description xsi:nil="true"></Description>
      <CommitMessage>Version 1.0</CommitMessage>
      <Publisher xsi:nil="true"></Publisher>
      <AuthorizationReferences>[]</AuthorizationReferences>
      <ConnectionReferences>{"51c2f074-9bce-49ae-b3f3-2fd42871c5d4":{"id":"/providers/microsoft.powerapps/apis/shared_logicflows","displayName":"Logic flows","iconUri":"https://connectoricons-prod.azureedge.net/releases/v1.0.1664/1.0.1664.3477/logicflows/icon.png","dataSources":["SPOT-Validate-DocLibs-Lists"],"dependencies":["ad4b674c-fdbc-493b-8090-51bd0b349acc"],"dependents":[],"parameterHints":{"workflowName":{"value":"16a3ca1b-4e50-4f0f-baae-007c22635d05"},"workflowEntityId":{"value":"06831930-4fc0-ee11-9079-000d3aae72b8"},"workflowDisplayName":{"value":"SPOT - Validate - DocLibs-Lists"},"ad4b674c-fdbc-493b-8090-51bd0b349acc":{"value":"shared_sharepointonline_1"}},"parameterHintsV2":{"workflowName":{"value":"16a3ca1b-4e50-4f0f-baae-007c22635d05"},"workflowEntityId":{"value":"06831930-4fc0-ee11-9079-000d3aae72b8"},"workflowDisplayName":{"value":"SPOT - Validate - DocLibs-Lists"},"shared_sharepointonline_1":{"value":"ad4b674c-fdbc-493b-8090-51bd0b349acc"}},"isOnPremiseConnection":false,"bypassConsent":false,"dataSets":{},"apiTier":"Standard","actions":["Run"]},"ad4b674c-fdbc-493b-8090-51bd0b349acc":{"id":"/providers/microsoft.powerapps/apis/shared_sharepointonline","displayName":"SharePoint","iconUri":"https://connectoricons-prod.azureedge.net/releases/v1.0.1676/1.0.1676.3617/sharepointonline/icon.png","dataSources":[],"dependencies":[],"dependents":["51c2f074-9bce-49ae-b3f3-2fd42871c5d4","699e54d4-f118-42fe-b95e-15f7aea39ccf","18f54d4d-3f0a-49dc-86b9-0f3eea510ea5"],"parameterHints":{},"parameterHintsV2":{},"isOnPremiseConnection":false,"bypassConsent":false,"dataSets":{},"apiTier":"Standard"},"699e54d4-f118-42fe-b95e-15f7aea39ccf":{"id":"/providers/microsoft.powerapps/apis/shared_logicflows","displayName":"Logic flows","iconUri":"https://connectoricons-prod.azureedge.net/releases/v1.0.1664/1.0.1664.3477/logicflows/icon.png","dataSources":["SPOT-Validate-Groups"],"dependencies":["ad4b674c-fdbc-493b-8090-51bd0b349acc"],"dependents":[],"parameterHints":{"workflowName":{"value":"8e9c1f28-047b-419f-8dc2-6db4323674cb"},"workflowEntityId":{"value":"c3680aa9-54c0-ee11-9079-000d3aae72b8"},"workflowDisplayName":{"value":"SPOT - Validate - Groups"},"ad4b674c-fdbc-493b-8090-51bd0b349acc":{"value":"shared_sharepointonline_1"}},"parameterHintsV2":{"workflowName":{"value":"8e9c1f28-047b-419f-8dc2-6db4323674cb"},"workflowEntityId":{"value":"c3680aa9-54c0-ee11-9079-000d3aae72b8"},"workflowDisplayName":{"value":"SPOT - Validate - Groups"},"shared_sharepointonline_1":{"value":"ad4b674c-fdbc-493b-8090-51bd0b349acc"}},"isOnPremiseConnection":false,"bypassConsent":false,"dataSets":{},"apiTier":"Standard","actions":["Run"]},"18f54d4d-3f0a-49dc-86b9-0f3eea510ea5":{"id":"/providers/microsoft.powerapps/apis/shared_logicflows","displayName":"Logic flows","iconUri":"https://connectoricons-prod.azureedge.net/releases/v1.0.1664/1.0.1664.3477/logicflows/icon.png","dataSources":["SPOT-Validate-PLs"],"dependencies":["ad4b674c-fdbc-493b-8090-51bd0b349acc"],"dependents":[],"parameterHints":{"workflowName":{"value":"807a7484-5d56-45e7-a68b-ef01fdde41d4"},"workflowEntityId":{"value":"d0a06ab3-54c0-ee11-9079-000d3aae72b8"},"workflowDisplayName":{"value":"SPOT - Validate - PLs"},"ad4b674c-fdbc-493b-8090-51bd0b349acc":{"value":"shared_sharepointonline_1"}},"parameterHintsV2":{"workflowName":{"value":"807a7484-5d56-45e7-a68b-ef01fdde41d4"},"workflowEntityId":{"value":"d0a06ab3-54c0-ee11-9079-000d3aae72b8"},"workflowDisplayName":{"value":"SPOT - Validate - PLs"},"shared_sharepointonline_1":{"value":"ad4b674c-fdbc-493b-8090-51bd0b349acc"}},"isOnPremiseConnection":false,"bypassConsent":false,"dataSets":{},"apiTier":"Standard","actions":["Run"]}}</ConnectionReferences>
      <DatabaseReferences>{}</DatabaseReferences>
      <AppComponents>[]</AppComponents>
      <AppComponentDependencies>[{"appComponentName":"35e5588f03f04b6784901cfd9ad6090f","appName":"00042605-41ec-4f43-8286-c2460556ff9a","appComponentLibraryName":"d87df162-23a3-4503-ac50-13eb386b5cd8","appComponentLibraryVersion":"2024-01-28T11:20:06Z","appComponentLibraryLogicalName":"faf_paco_877d7","environmentName":"default-80abc0a6-d93f-4379-a387-8ffbf039fa91"},{"appComponentName":"5783ab3906654229b07de8cc9b42de79","appName":"00042605-41ec-4f43-8286-c2460556ff9a","appComponentLibraryName":"d87df162-23a3-4503-ac50-13eb386b5cd8","appComponentLibraryVersion":"2024-01-28T11:20:06Z","appComponentLibraryLogicalName":"faf_paco_877d7","environmentName":"default-80abc0a6-d93f-4379-a387-8ffbf039fa91"},{"appComponentName":"6cc17fa9fef742f99265f0a5da55a032","appName":"00042605-41ec-4f43-8286-c2460556ff9a","appComponentLibraryName":"d87df162-23a3-4503-ac50-13eb386b5cd8","appComponentLibraryVersion":"2024-01-28T11:20:06Z","appComponentLibraryLogicalName":"faf_paco_877d7","environmentName":"default-80abc0a6-d93f-4379-a387-8ffbf039fa91"},{"appComponentName":"cf356dabe9d94e90900ff197a50aa565","appName":"00042605-41ec-4f43-8286-c2460556ff9a","appComponentLibraryName":"d87df162-23a3-4503-ac50-13eb386b5cd8","appComponentLibraryVersion":"2024-01-28T11:20:06Z","appComponentLibraryLogicalName":"faf_paco_877d7","environmentName":"default-80abc0a6-d93f-4379-a387-8ffbf039fa91"},{"appComponentName":"d06303d86725479aa0ec7401208cd0a3","appName":"00042605-41ec-4f43-8286-c2460556ff9a","appComponentLibraryName":"d87df162-23a3-4503-ac50-13eb386b5cd8","appComponentLibraryVersion":"2024-01-28T11:20:06Z","appComponentLibraryLogicalName":"faf_paco_877d7","environmentName":"default-80abc0a6-d93f-4379-a387-8ffbf039fa91"},{"appComponentName":"b9bc42caeee7419f996665959f65bfd0","appName":"00042605-41ec-4f43-8286-c2460556ff9a","appComponentLibraryName":"d87df162-23a3-4503-ac50-13eb386b5cd8","appComponentLibraryVersion":"2024-01-28T11:20:06Z","appComponentLibraryLogicalName":"faf_paco_877d7","environmentName":"default-80abc0a6-d93f-4379-a387-8ffbf039fa91"},{"appComponentName":"957aeeea5fa34085b22cb096d6ffca7b","appName":"00042605-41ec-4f43-8286-c2460556ff9a","appComponentLibraryName":"d87df162-23a3-4503-ac50-13eb386b5cd8","appComponentLibraryVersion":"2024-01-28T11:20:06Z","appComponentLibraryLogicalName":"faf_paco_877d7","environmentName":"default-80abc0a6-d93f-4379-a387-8ffbf039fa91"},{"appComponentName":"6395f1ced8964b30b95333007c006642","appName":"00042605-41ec-4f43-8286-c2460556ff9a","appComponentLibraryName":"d87df162-23a3-4503-ac50-13eb386b5cd8","appComponentLibraryVersion":"2024-01-28T11:20:06Z","appComponentLibraryLogicalName":"faf_paco_877d7","environmentName":"default-80abc0a6-d93f-4379-a387-8ffbf039fa91"},{"appComponentName":"095440b1e5904c28ad67cd3d8a68f456","appName":"00042605-41ec-4f43-8286-c2460556ff9a","appComponentLibraryName":"d87df162-23a3-4503-ac50-13eb386b5cd8","appComponentLibraryVersion":"2024-01-28T11:20:06Z","appComponentLibraryLogicalName":"faf_paco_877d7","environmentName":"default-80abc0a6-d93f-4379-a387-8ffbf039fa91"},{"appComponentName":"f95cd6d4014f420fb9917fb20880c054","appName":"00042605-41ec-4f43-8286-c2460556ff9a","appComponentLibraryName":"d87df162-23a3-4503-ac50-13eb386b5cd8","appComponentLibraryVersion":"2024-01-28T11:20:06Z","appComponentLibraryLogicalName":"faf_paco_877d7","environmentName":"default-80abc0a6-d93f-4379-a387-8ffbf039fa91"}]</AppComponentDependencies>
      <CanConsumeAppPass>1</CanConsumeAppPass>
      <CanvasAppType>0</CanvasAppType>
      <BypassConsent>0</BypassConsent>
      <AdminControlBypassConsent>0</AdminControlBypassConsent>
      <EmbeddedApp xsi:nil="true"></EmbeddedApp>
      <IntroducedVersion>1.0</IntroducedVersion>
      <CdsDependencies>{"cdsdependencies":[{"dependencyid":"06831930-4fc0-ee11-9079-000d3aae72b8","componenttype":29,"componenttypeplatformname":"Workflow"},{"dependencyid":"c3680aa9-54c0-ee11-9079-000d3aae72b8","componenttype":29,"componenttypeplatformname":"Workflow"},{"dependencyid":"d0a06ab3-54c0-ee11-9079-000d3aae72b8","componenttype":29,"componenttypeplatformname":"Workflow"},{"logicalname":"faf_paco_877d7","componenttype":300,"componenttypeplatformname":"CanvasApp"}]}</CdsDependencies>
      <IsCustomizable>1</IsCustomizable>
      <BackgroundImageUri>/CanvasApps/faf_spotvalidation_a702e_BackgroundImageUri</BackgroundImageUri>
      <DocumentUri>/CanvasApps/faf_spotvalidation_a702e_DocumentUri.msapp</DocumentUri>
      <AdditionalUris>
        <AdditionalUri>/CanvasApps/faf_spotvalidation_a702e_AdditionalUris0_identity.json</AdditionalUri>
      </AdditionalUris>
    </CanvasApp>
  </CanvasApps>
  <connectionreferences>
    <connectionreference connectionreferencelogicalname="faf_SharePointSPOT">
      <connectionreferencedisplayname>SharePoint SPOT</connectionreferencedisplayname>
      <connectorid>/providers/Microsoft.PowerApps/apis/shared_sharepointonline</connectorid>
      <description>SPOT</description>
      <iscustomizable>1</iscustomizable>
      <statecode>0</statecode>
      <statuscode>1</statuscode>
    </connectionreference>
  </connectionreferences>
  <Languages>
    <Language>1033</Language>
  </Languages>
</ImportExportXml>