<ImportExportXml version="9.2.24015.190" SolutionPackageVersion="9.2" languagecode="1033" generatedBy="CrmLive" xmlns:xsi="http://www.w3.org/2001/XMLSchema-instance">
  <SolutionManifest>
    <UniqueName>SPOT</UniqueName>
    <LocalizedNames>
      <LocalizedName description="SPOT" languagecode="1033" />
    </LocalizedNames>
    <Descriptions />
    <Version>2024.0.0.10</Version>
    <Managed>0</Managed>
    <Publisher>
      <UniqueName>formsandflows</UniqueName>
      <LocalizedNames>
        <LocalizedName description="Forms and Flows" languagecode="1033" />
      </LocalizedNames>
      <Descriptions />
      <EMailAddress xsi:nil="true"></EMailAddress>
      <SupportingWebsiteUrl>https://www.formsandflows.nl</SupportingWebsiteUrl>
      <CustomizationPrefix>faf</CustomizationPrefix>
      <CustomizationOptionValuePrefix>81143</CustomizationOptionValuePrefix>
      <Addresses>
        <Address>
          <AddressNumber>1</AddressNumber>
          <AddressTypeCode>1</AddressTypeCode>
          <City xsi:nil="true"></City>
          <County xsi:nil="true"></County>
          <Country>The Netherlands</Country>
          <Fax xsi:nil="true"></Fax>
          <FreightTermsCode xsi:nil="true"></FreightTermsCode>
          <ImportSequenceNumber xsi:nil="true"></ImportSequenceNumber>
          <Latitude xsi:nil="true"></Latitude>
          <Line1 xsi:nil="true"></Line1>
          <Line2 xsi:nil="true"></Line2>
          <Line3 xsi:nil="true"></Line3>
          <Longitude xsi:nil="true"></Longitude>
          <Name xsi:nil="true"></Name>
          <PostalCode xsi:nil="true"></PostalCode>
          <PostOfficeBox xsi:nil="true"></PostOfficeBox>
          <PrimaryContactName xsi:nil="true"></PrimaryContactName>
          <ShippingMethodCode>1</ShippingMethodCode>
          <StateOrProvince xsi:nil="true"></StateOrProvince>
          <Telephone1 xsi:nil="true"></Telephone1>
          <Telephone2 xsi:nil="true"></Telephone2>
          <Telephone3 xsi:nil="true"></Telephone3>
          <TimeZoneRuleVersionNumber xsi:nil="true"></TimeZoneRuleVersionNumber>
          <UPSZone xsi:nil="true"></UPSZone>
          <UTCOffset xsi:nil="true"></UTCOffset>
          <UTCConversionTimeZoneCode xsi:nil="true"></UTCConversionTimeZoneCode>
        </Address>
        <Address>
          <AddressNumber>2</AddressNumber>
          <AddressTypeCode>1</AddressTypeCode>
          <City xsi:nil="true"></City>
          <County xsi:nil="true"></County>
          <Country xsi:nil="true"></Country>
          <Fax xsi:nil="true"></Fax>
          <FreightTermsCode xsi:nil="true"></FreightTermsCode>
          <ImportSequenceNumber xsi:nil="true"></ImportSequenceNumber>
          <Latitude xsi:nil="true"></Latitude>
          <Line1 xsi:nil="true"></Line1>
          <Line2 xsi:nil="true"></Line2>
          <Line3 xsi:nil="true"></Line3>
          <Longitude xsi:nil="true"></Longitude>
          <Name xsi:nil="true"></Name>
          <PostalCode xsi:nil="true"></PostalCode>
          <PostOfficeBox xsi:nil="true"></PostOfficeBox>
          <PrimaryContactName xsi:nil="true"></PrimaryContactName>
          <ShippingMethodCode>1</ShippingMethodCode>
          <StateOrProvince xsi:nil="true"></StateOrProvince>
          <Telephone1 xsi:nil="true"></Telephone1>
          <Telephone2 xsi:nil="true"></Telephone2>
          <Telephone3 xsi:nil="true"></Telephone3>
          <TimeZoneRuleVersionNumber xsi:nil="true"></TimeZoneRuleVersionNumber>
          <UPSZone xsi:nil="true"></UPSZone>
          <UTCOffset xsi:nil="true"></UTCOffset>
          <UTCConversionTimeZoneCode xsi:nil="true"></UTCConversionTimeZoneCode>
        </Address>
      </Addresses>
    </Publisher>
    <RootComponents>
      <RootComponent type="29" id="{06831930-4fc0-ee11-9079-000d3aae72b8}" behavior="0" />
      <RootComponent type="29" id="{0ddde055-4dc8-ee11-9079-000d3aae72b8}" behavior="0" />
      <RootComponent type="29" id="{38882fb9-93c9-ee11-9079-000d3aae72b8}" behavior="0" />
      <RootComponent type="29" id="{445852e4-4dc8-ee11-9079-000d3aae72b8}" behavior="0" />
      <RootComponent type="29" id="{4de80454-4ec8-ee11-9079-000d3aae72b8}" behavior="0" />
      <RootComponent type="29" id="{869ef0a3-d4c8-ee11-9079-000d3aae72b8}" behavior="0" />
      <RootComponent type="29" id="{86b73283-4dc8-ee11-9079-000d3aae72b8}" behavior="0" />
      <RootComponent type="29" id="{9884671f-4dc8-ee11-9079-000d3aae72b8}" behavior="0" />
      <RootComponent type="29" id="{a0386ac1-d0c8-ee11-9079-000d3aae72b8}" behavior="0" />
      <RootComponent type="29" id="{a0eee91e-8cc9-ee11-9079-000d3aae72b8}" behavior="0" />
      <RootComponent type="29" id="{aafc18c2-edc8-ee11-9079-000d3aae72b8}" behavior="0" />
      <RootComponent type="29" id="{b81fabb8-4dc8-ee11-9079-000d3aae72b8}" behavior="0" />
      <RootComponent type="29" id="{c3680aa9-54c0-ee11-9079-000d3aae72b8}" behavior="0" />
      <RootComponent type="29" id="{c860510b-efc8-ee11-9079-000d3aae72b8}" behavior="0" />
      <RootComponent type="29" id="{d0a06ab3-54c0-ee11-9079-000d3aae72b8}" behavior="0" />
      <RootComponent type="29" id="{ded4ac90-19be-ee11-9079-000d3aae72b8}" behavior="0" />
      <RootComponent type="29" id="{fc1035e1-93c9-ee11-9079-000d3aae72b8}" behavior="0" />
      <RootComponent type="300" schemaName="faf_spotdefinition_deb06" behavior="0" />
      <RootComponent type="300" schemaName="faf_spotdeployment_5e6f4" behavior="0" />
      <RootComponent type="300" schemaName="faf_spotvalidation_a702e" behavior="0" />
    </RootComponents>
    <MissingDependencies>
      <MissingDependency>
        <Required type="300" schemaName="faf_paco_877d7" displayName="PACo" solution="Active" />
        <Dependent type="300" schemaName="faf_spotdefinition_deb06" displayName="SPOT - Definition" />
      </MissingDependency>
      <MissingDependency>
        <Required type="300" schemaName="faf_paco_877d7" displayName="PACo" solution="Active" />
        <Dependent type="300" schemaName="faf_spotdeployment_5e6f4" displayName="SPOT - Deployment" />
      </MissingDependency>
      <MissingDependency>
        <Required type="300" schemaName="faf_paco_877d7" displayName="PACo" solution="Active" />
        <Dependent type="300" schemaName="faf_spotvalidation_a702e" displayName="SPOT - Validation" />
      </MissingDependency>
    </MissingDependencies>
  </SolutionManifest>
</ImportExportXml>